"","user","attribute","xx"
"1",10010,1032,-0.0149460599399373
"2",10010,1004,0.274650645960358
"3",10019,1034,0.217589062271445
"4",10021,1207,0.0322748938577955
"5",10031,1008,0.932869987550729
"6",10035,1034,0.242816438056345
"7",10036,1004,0.129984710886213
"8",10036,1034,0.929321587836268
"9",10038,1034,0.351217070061003
"10",10038,1008,0.852913979080877
"11",10038,1045,0.00320821029642739
"12",10038,1027,0.448806815191834
"13",10038,1026,0.796299879476855
"14",10039,1004,0.400772964711908
"15",10039,1017,0.695434066799604
"16",10039,1003,0.0423520809253153
"17",10039,1001,0.787309332596003
"18",10039,1002,0.0900707140306907
"19",10065,1034,1.02082279532677
"20",10068,1036,0.102709285901859
"21",10068,1077,0.0542300465344053
"22",10068,1040,0.300056722151989
"23",10070,1008,0.998074379234152
"24",10070,1017,0.794647870961762
"25",10070,1009,0.146030994307529
"26",10070,1058,-0.00192562076584892
"27",10070,1018,0.944223967501654
"28",10070,1042,-0.00192562076584892
"29",10070,1021,-0.00192562076584892
"30",10077,1004,1.00372076689385
"31",10077,1034,0.805442461004076
"32",10077,1008,0.795640937579358
"33",10085,1003,0.0183146387974981
"34",10085,1001,0.164488780124688
"35",10085,1018,0.117693076076564
"36",10085,1184,0.0183146387974981
"37",10117,1034,0.752836627219888
"38",10127,1034,0.0483323464105118
"39",10132,1070,0.0288004884161922
"40",10133,1034,-0.000190844491414661
"41",10133,1008,0.196559536813434
"42",10133,1027,-0.000190844491414661
"43",10133,1026,-0.000190844491414661
"44",10133,1042,-0.000190844491414661
"45",10133,1070,-0.000190844491414661
"46",10133,1190,-0.000190844491414661
"47",10133,1000,-0.000190844491414661
"48",10133,1025,-0.000190844491414661
"49",10133,1125,-0.000190844491414661
"50",10133,1038,-0.000190844491414661
"51",10133,1041,-0.000190844491414661
"52",10134,1008,0.196051105210834
"53",10134,1018,0.0903293161026247
"54",10134,1052,-0.00532794928970943
"55",10134,1060,-0.00532794928970943
"56",10141,1061,0.0191387785372552
"57",10147,1007,0.0413785919720354
"58",10152,1004,0.582220129701698
"59",10156,1026,0.783273280812061
"60",10156,1038,0.378235684738363
"61",10156,1069,0.0341194406237311
"62",10162,1069,-0.00553428733455605
"63",10166,1004,0.357062259731997
"64",10166,1030,0.0975507432143074
"65",10185,1004,0.846311161428809
"66",10186,1004,0.233747893201752
"67",10186,1017,0.938540357551302
"68",10190,1027,0.00190686182012662
"69",10190,1026,0.00190686182012662
"70",10190,1070,0.0570702639620757
"71",10190,1025,0.00190686182012662
"72",10190,1038,0.00190686182012662
"73",10190,1041,0.00190686182012662
"74",10190,1022,0.00190686182012662
"75",10196,1008,0.958176505859865
"76",10196,1009,1.00775100200225
"77",10196,1158,0.00775100200225432
"78",10197,1034,0.206670976906317
"79",10198,1004,0.138304093567251
"80",10198,1003,0.988304093567251
"81",10198,1007,-0.0116959064327485
"82",10205,1004,0.961424062160256
"83",10205,1063,0.00806116633368118
"84",10208,1017,0.952871603149847
"85",10208,1002,0.345904867562571
"86",10208,1055,0.0481710526210874
"87",10216,1165,0.00535235165984687
"88",10218,1004,0.64908557615365
"89",10218,1295,-5.82876219823794e-05
"90",10219,1008,0.989601877733305
"91",10219,1119,-0.0103981222666954
"92",10219,1241,-0.0103981222666954
"93",10224,1008,0.432021592323311
"94",10224,1003,0.933305007660946
"95",10224,1018,0.986550138506751
"96",10224,1076,0.0310982110930127
"97",10241,1034,0.403676760507432
"98",10241,1017,0.947446258871915
"99",10241,1009,0.435734880891155
"100",10241,1037,0.198091594068891
"101",10241,1054,-0.00760813758694815
"102",10244,1026,0.00717684294928474
"103",10244,1038,0.00717684294928474
"104",10244,1053,0.00717684294928474
"105",10252,1001,0.280904565458345
"106",10252,1018,0.0753871228837357
"107",10252,1151,0.0267867187944791
"108",10269,1034,0.392503196824586
"109",10269,1008,0.543838582770138
"110",10269,1026,0.949589494704813
"111",10272,1029,0.00981890030844015
"112",10281,1026,0.00171710893962448
"113",10281,1025,0.00171710893962448
"114",10284,1026,-0.000606547368105358
"115",10284,1025,-0.000606547368105358
"116",10284,1075,-0.000606547368105358
"117",10286,1032,-0.00841204006326371
"118",10286,1004,0.945558635734824
"119",10286,1001,0.0836466083405599
"120",10286,1025,0.991587959936736
"121",10286,1056,-0.00841204006326371
"122",10286,1046,-0.00841204006326371
"123",10290,1017,0.214500611499081
"124",10290,1053,0.88133596252125
"125",10290,1010,0.115398710108037
"126",10301,1026,0.0876697151805615
"127",10301,1018,0.945192006327535
"128",10301,1070,0.0405509686981636
"129",10301,1038,0.0395778167233984
"130",10301,1041,0.390539751721136
"131",10301,1124,-0.00761508847453339
"132",10301,1148,-0.00761508847453339
"133",10301,1072,-0.00761508847453339
"134",10301,1214,-0.00761508847453339
"135",10303,1017,0.900723480874666
"136",10303,1001,0.254434754917786
"137",10303,1009,0.242479495512548
"138",10303,1037,0.00282914016943191
"139",10306,1029,0.00737569929600197
"140",10309,1008,0.308057374023199
"141",10319,1003,0.136677159418123
"142",10319,1001,0.590558919550457
"143",10319,1009,-0.0117633860749626
"144",10319,1018,0.08952571531368
"145",10319,1078,-0.0117633860749626
"146",10319,1035,-0.0117633860749626
"147",10319,1100,-0.0117633860749626
"148",10319,1083,-0.0117633860749626
"149",10321,1003,-0.0063900749008745
"150",10321,1001,0.0973483470376295
"151",10321,1018,0.897677876219657
"152",10321,1076,0.0418417443279335
"153",10321,1078,-0.0063900749008745
"154",10321,1114,-0.0063900749008745
"155",10327,1041,0.00821482893410375
"156",10335,1026,0.952832253968178
"157",10335,1075,0.0039569021093604
"158",10335,1155,0.0039569021093604
"159",10341,1034,0.950532886411956
"160",10341,1018,0.0934229188800346
"161",10341,1070,-0.0018371027653515
"162",10348,1004,0.627709678031767
"163",10348,1008,0.817443548993772
"164",10348,1026,0.965792048234486
"165",10348,1017,0.871076490254198
"166",10348,1127,0.0704996369981715
"167",10362,1004,0.379104726753299
"168",10362,1150,-0.0127925928441986
"169",10362,1156,-0.0127925928441986
"170",10365,1004,0.948793109306419
"171",10375,1004,0.71920486032823
"172",10375,1041,0.771577011282619
"173",10375,1064,0.268126039435666
"174",10375,1098,0.0151126805702479
"175",10375,1020,0.117132211534425
"176",10375,1028,0.0151126805702479
"177",10381,1054,0.00133090187299037
"178",10387,1004,0.3507890090644
"179",10387,1000,0.0482229433434877
"180",10389,1017,1.01028274859366
"181",10389,1030,0.108298203780998
"182",10408,1008,0.591203536504678
"183",10408,1026,-0.00624180103143466
"184",10408,1000,-0.00624180103143466
"185",10408,1038,-0.00624180103143466
"186",10408,1041,-0.00624180103143466
"187",10408,1124,-0.00624180103143466
"188",10408,1014,-0.00624180103143466
"189",10408,1039,-0.00624180103143466
"190",10409,1004,0.151126110620543
"191",10409,1001,0.699389784765265
"192",10414,1004,0.0983839206466434
"193",10433,1008,0.894653510825793
"194",10433,1026,-0.0096849270351343
"195",10433,1009,0.94248429189533
"196",10433,1058,0.449747414534892
"197",10433,1038,-0.0096849270351343
"198",10433,1041,-0.0096849270351343
"199",10433,1039,0.0391321594728396
"200",10433,1051,-0.0096849270351343
"201",10433,1024,0.0381458540344021
"202",10433,1177,-0.0096849270351343
"203",10434,1017,0.153032936654043
"204",10434,1040,0.00571770010460938
"205",10434,1060,0.00571770010460938
"206",10434,1007,0.00571770010460938
"207",10434,1166,0.00571770010460938
"208",10446,1003,0.144560038089203
"209",10446,1001,0.195436509326217
"210",10446,1100,0.000438305494146238
"211",10446,1160,0.000438305494146238
"212",10446,1193,0.000438305494146238
"213",10452,1004,0.194268061323749
"214",10452,1040,-0.00357404898633071
"215",10452,1031,-0.00357404898633071
"216",10454,1004,0.497944911705143
"217",10454,1018,0.753835583308872
"218",10457,1026,0.0438221285717416
"219",10457,1025,-0.00268253029975171
"220",10459,1004,0.180750220815375
"221",10459,1034,0.280218745266988
"222",10462,1004,0.564768267240775
"223",10466,1008,0.34836457963925
"224",10466,1127,0.0507191473160015
"225",10471,1034,0.271979456073593
"226",10473,1034,1.00281333175946
"227",10473,1026,0.00281333175945531
"228",10473,1017,0.156566331918779
"229",10473,1009,0.202076308440028
"230",10473,1025,0.00281333175945531
"231",10473,1125,0.00281333175945531
"232",10473,1041,0.00281333175945531
"233",10473,1007,0.00281333175945531
"234",10473,1020,0.00281333175945531
"235",10473,1065,0.00281333175945531
"236",10473,1104,0.00281333175945531
"237",10473,1073,0.00281333175945531
"238",10473,1074,0.00281333175945531
"239",10479,1003,0.956071378998561
"240",10479,1001,1.00644402696755
"241",10500,1008,0.893718513416266
"242",10504,1001,0.40392262355406
"243",10504,1164,-0.0058072567695957
"244",10504,1191,-0.0058072567695957
"245",10506,1003,0.0436435802440863
"246",10506,1001,0.0463352039593881
"247",10506,1009,0.295668232000019
"248",10506,1035,0.0463352039593881
"249",10522,1034,0.0471144882405624
"250",10522,1008,0.951387783675043
"251",10522,1009,0.999251135957803
"252",10522,1099,-0.000748864042197421
"253",10523,1008,0.91846692832367
"254",10560,1034,0.916940441712975
"255",10564,1007,0.0155286561074314
"256",10564,1073,0.0155286561074314
"257",10572,1034,0.917264154320443
"258",10572,1008,0.964519819029215
"259",10572,1030,0.11588153309002
"260",10572,1164,0.0155246030039426
"261",10573,1004,0.205424560061983
"262",10573,1034,0.208157307433511
"263",10573,1008,0.811052926930926
"264",10573,1045,0.00686340454240928
"265",10597,1004,0.255891626387028
"266",10597,1003,-0.00279434955835946
"267",10597,1001,0.240882261888263
"268",10597,1035,-0.00279434955835946
"269",10597,1096,-0.00279434955835946
"270",10598,1034,0.238349166471914
"271",10598,1008,0.48949963043075
"272",10598,1003,0.0382050318501688
"273",10598,1001,0.0401863871152376
"274",10598,1018,-0.0112511196393201
"275",10598,1046,0.035667105264614
"276",10598,1049,-0.0112511196393201
"277",10607,1001,0.83243492332626
"278",10607,1000,0.0274422399909087
"279",10635,1008,0.935451343801144
"280",10639,1100,-0.00623496838590359
"281",10648,1004,0.99800303493746
"282",10648,1034,0.205135338728978
"283",10648,1008,0.0940780452608228
"284",10648,1017,0.0938866600186507
"285",10648,1001,0.99800303493746
"286",10648,1009,-0.00199696506254002
"287",10648,1130,-0.00199696506254002
"288",10649,1034,0.841442582108017
"289",10653,1034,0.330836136034122
"290",10653,1008,0.991637607582654
"291",10653,1007,-0.00836239241734554
"292",10659,1004,0.564191546525294
"293",10660,1034,0.115086709323317
"294",10662,1026,0.00364158108805047
"295",10662,1070,0.00364158108805047
"296",10662,1025,0.00364158108805047
"297",10662,1041,0.00364158108805047
"298",10668,1017,0.352558366968423
"299",10668,1096,-0.00541241476024067
"300",10668,1118,-0.00541241476024067
"301",10669,1034,0.100976651351476
"302",10669,1008,0.997276268290109
"303",10671,1004,0.854467522804094
"304",10671,1008,0.098366590135197
"305",10671,1017,0.901937820403323
"306",10671,1018,0.38752320845016
"307",10671,1118,0.000681899605362385
"308",10671,1093,0.000681899605362385
"309",10678,1008,0.648271330042432
"310",10678,1017,0.901918984541677
"311",10678,1002,0.0960614867867136
"312",10678,1009,0.901918984541677
"313",10678,1018,1.00010164644627
"314",10678,1037,0.901918984541677
"315",10678,1035,1.00010164644627
"316",10680,1032,0.0444929279024863
"317",10680,1034,0.335885864524751
"318",10680,1008,0.296236442168743
"319",10680,1017,0.0957130910906411
"320",10686,1004,0.237515055282454
"321",10686,1001,0.99547404232886
"322",10686,1036,-0.00452595767114008
"323",10699,1009,0.110934205683794
"324",10699,1020,0.0163985691047048
"325",10699,1092,0.0163985691047048
"326",10702,1008,1.00775684355259
"327",10702,1017,0.863372539651752
"328",10702,1003,0.813356349617409
"329",10702,1001,0.410349522524102
"330",10702,1009,0.858031084694806
"331",10702,1018,0.909612552217967
"332",10702,1052,0.00775684355259046
"333",10702,1060,0.00775684355259046
"334",10702,1022,0.0575197854278586
"335",10702,1035,0.411374016872494
"336",10702,1016,0.00775684355259046
"337",10702,1019,0.00775684355259046
"338",10702,1057,0.00775684355259046
"339",10706,1008,0.502440285807078
"340",10706,1045,-0.0011211425883343
"341",10706,1017,0.849863445995583
"342",10718,1008,0.65939573666018
"343",10718,1009,0.105338642045645
"344",10742,1034,0.0952165720909403
"345",10742,1008,0.191099484506385
"346",10742,1018,0.296314628318519
"347",10742,1070,-0.00291262159056441
"348",10742,1064,-0.00291262159056441
"349",10744,1034,0.107852535684009
"350",10744,1059,0.0041710898392485
"351",10752,1004,0.731854764852888
"352",10752,1017,0.790640970968265
"353",10752,1096,0.135122858563512
"354",10752,1082,0.188996007545347
"355",10752,1062,0.0869231167857401
"356",10788,1004,0.411681929835081
"357",10788,1008,0.50128612496182
"358",10788,1017,0.583797885236826
"359",10788,1065,0.0208345414536589
"360",10790,1017,0.670143282644511
"361",10790,1010,0.0189028330250165
"362",10790,1068,0.0722763271887481
"363",10791,1034,0.0481944750671522
"364",10793,1004,0.909292475022939
"365",10797,1004,0.250265804389226
"366",10797,1187,-0.0007707852738882
"367",10810,1017,0.14270134476898
"368",10810,1001,0.998848375811893
"369",10810,1015,-0.00115162418810729
"370",10817,1041,0.00679530694114474
"371",10818,1004,0.889208653808986
"372",10821,1004,1.00896665210862
"373",10821,1008,0.308963045706354
"374",10821,1036,0.00896665210862252
"375",10821,1058,0.00896665210862252
"376",10833,1004,1.00584795321637
"377",10835,1032,-0.00582658745359928
"378",10835,1034,0.900007369082454
"379",10835,1008,0.945519209055132
"380",10835,1045,0.0396852525190781
"381",10835,1017,0.136993659501616
"382",10835,1036,-0.00582658745359928
"383",10835,1040,-0.00582658745359928
"384",10835,1025,0.186403842102105
"385",10835,1061,-0.00582658745359928
"386",10835,1056,-0.00582658745359928
"387",10835,1096,-0.00582658745359928
"388",10842,1034,-0.00720545524600263
"389",10844,1008,-0.000631733155111128
"390",10844,1003,0.340140069990854
"391",10844,1018,0.852302709085965
"392",10844,1035,0.090607204586027
"393",10846,1058,0.0519006541702419
"394",10846,1018,0.256687586873398
"395",10849,1008,0.40909326751075
"396",10849,1009,0.270650337205298
"397",10861,1017,1.00123169677613
"398",10861,1052,0.00123169677612723
"399",10861,1016,0.00123169677612723
"400",10861,1059,0.00123169677612723
"401",10865,1004,0.612196644645423
"402",10865,1034,0.956007575183742
"403",10865,1006,0.00488623157154906
"404",10879,1017,0.293282055655404
"405",10879,1003,0.300698926873525
"406",10879,1058,0.85051988079955
"407",10879,1018,0.997571423801181
"408",10879,1000,-0.00242857619881899
"409",10879,1295,-0.00242857619881899
"410",10879,1074,-0.00242857619881899
"411",10879,1164,-0.00242857619881899
"412",10879,1096,-0.00242857619881899
"413",10893,1003,0.610748675718271
"414",10893,1001,0.913791266731165
"415",10893,1076,0.114667130653897
"416",10896,1164,-0.00483857191187127
"417",10896,1096,-0.00483857191187127
"418",10896,1134,-0.00483857191187127
"419",10897,1017,0.765458072402632
"420",10897,1003,0.0662717291422507
"421",10897,1018,0.926194657239159
"422",10897,1041,0.0195793718412201
"423",10897,1052,0.623293842909999
"424",10897,1022,0.0195793718412201
"425",10897,1031,0.0195793718412201
"426",10902,1004,0.740952250810392
"427",10909,1034,0.0648956092584394
"428",10909,1009,0.161608093460227
"429",10909,1113,0.0157856277559256
"430",10916,1018,0.947187587183542
"431",10916,1075,-0.00289675287717223
"432",10922,1034,0.995902049126924
"433",10922,1008,0.995902049126924
"434",10922,1046,-0.00409795087307597
"435",10933,1004,0.807706357018398
"436",10933,1034,0.954590969831427
"437",10933,1008,1.00321826406302
"438",10933,1003,0.101475582644455
"439",10933,1018,0.760081792905035
"440",10933,1035,0.0518455582946226
"441",10933,1016,0.00321826406302465
"442",10943,1008,0.467345999169794
"443",10943,1026,-0.0192521267057295
"444",10943,1084,-0.0192521267057295
"445",10943,1087,-0.0192521267057295
"446",10951,1004,0.148173133939699
"447",10956,1034,0.0859017936385458
"448",10960,1034,0.435041617330302
"449",10960,1008,0.993083572220576
"450",10960,1017,0.33170625128633
"451",10960,1009,0.0927174483944087
"452",10960,1042,-0.00691642777942358
"453",10960,1069,-0.00691642777942358
"454",10960,1030,0.0925811805244969
"455",10960,1076,-0.00691642777942358
"456",10960,1037,-0.00691642777942358
"457",10960,1074,-0.00691642777942358
"458",10960,1108,-0.00691642777942358
"459",10960,1159,-0.00691642777942358
"460",10960,1169,-0.00691642777942358
"461",10960,1154,-0.00691642777942358
"462",10984,1034,0.251260382194912
"463",10984,1008,1.00285925274173
"464",10991,1034,0.468408360377325
"465",10991,1008,0.82015362468053
"466",10991,1026,0.0173465250242195
"467",11002,1004,0.209605840769921
"468",11002,1008,0.241338642193117
"469",11002,1025,0.800453415164112
"470",11002,1125,-0.00312359933741199
"471",11002,1041,0.900262520780853
"472",11002,1020,-0.00312359933741199
"473",11002,1066,-0.00312359933741199
"474",11008,1032,-0.00341301546878661
"475",11008,1008,0.996586984531213
"476",11008,1017,0.0905206859283229
"477",11008,1009,0.843623527350028
"478",11008,1018,0.945958043903047
"479",11008,1030,-0.00341301546878661
"480",11016,1000,0.0503806529088535
"481",11016,1055,0.0429830821088039
"482",11016,1075,-0.00483556724789239
"483",11016,1186,-0.00483556724789239
"484",11016,1102,-0.00483556724789239
"485",11018,1001,-0.00604178771734821
"486",11018,1009,0.795726127040967
"487",11018,1018,0.0444526517128156
"488",11018,1035,-0.00604178771734821
"489",11018,1137,-0.00604178771734821
"490",11022,1004,0.901048102987299
"491",11022,1008,0.951145016934855
"492",11022,1058,0.0517348740279469
"493",11022,1170,0.00124193088240991
"494",11027,1009,0.234366592132785
"495",11029,1017,0.901918984541677
"496",11029,1003,0.339111728567769
"497",11029,1001,1.00010164644627
"498",11029,1036,0.000101646446274521
"499",11029,1077,0.000101646446274521
"500",11029,1009,0.901918984541677
"501",11029,1018,1.00010164644627
"502",11029,1000,0.000101646446274521
"503",11029,1037,0.901918984541677
"504",11029,1014,0.000101646446274521
"505",11029,1088,0.000101646446274521
"506",11032,1025,0.00503886434297826
"507",11044,1009,0.324301938997524
"508",11049,1034,0.208328055859065
"509",11049,1008,1.00192188796345
"510",11056,1070,0.5590599681649
"511",11056,1041,0.757032347275987
"512",11056,1065,0.0990787507851091
"513",11070,1004,0.186445870662134
"514",11074,1000,0.0912183424453307
"515",11074,1119,0.0377829699687326
"516",11074,1137,-0.0081043873151839
"517",11083,1032,0.0706736744549096
"518",11083,1008,1.02302412324461
"519",11083,1055,0.0230241232446082
"520",11087,1034,0.167093602112887
"521",11090,1070,0.0142716227413903
"522",11090,1025,0.0142716227413903
"523",11090,1125,0.0142716227413903
"524",11106,1067,-0.001415856988829
"525",11107,1034,0.0915463561877521
"526",11107,1008,0.754442415387396
"527",11107,1026,-0.00347345873188291
"528",11107,1025,-0.00347345873188291
"529",11107,1041,-0.00347345873188291
"530",11107,1022,-0.00347345873188291
"531",11128,1001,0.4527121637792
"532",11128,1295,-0.000323056451022978
"533",11128,1100,-0.000323056451022978
"534",11132,1009,0.203263080583562
"535",11132,1018,1.00568854528578
"536",11132,1035,0.957048150073344
"537",11136,1009,0.959077968943081
"538",11140,1044,0.0259900916087977
"539",11142,1008,0.903317223459069
"540",11142,1003,0.399480107008487
"541",11142,1001,0.950378576024207
"542",11142,1018,0.340477186630411
"543",11142,1035,0.149686107643648
"544",11142,1044,-0.00256007141065508
"545",11142,1246,-0.00256007141065508
"546",11143,1058,0.00377982383248026
"547",11143,1112,0.00377982383248026
"548",11159,1040,-0.00291257386878202
"549",11159,1130,-0.00291257386878202
"550",11166,1027,-0.00183765490136868
"551",11169,1004,1.00094735372477
"552",11169,1295,0.000947353724770492
"553",11169,1100,0.000947353724770492
"554",11174,1004,0.704399764954095
"555",11174,1034,0.0497333883111072
"556",11174,1008,0.204758199597059
"557",11174,1003,0.0507124473314896
"558",11174,1001,0.800466712772606
"559",11174,1018,0.35564268225521
"560",11174,1046,0.0022540215418689
"561",11179,1004,0.0965030456041779
"562",11181,1030,0.0578286895835374
"563",11183,1004,0.395002188966704
"564",11183,1017,0.0994360718351075
"565",11183,1003,1.00047953832059
"566",11183,1009,0.150871263100084
"567",11183,1018,1.00047953832059
"568",11183,1000,0.0493060633718647
"569",11183,1037,0.000479538320586941
"570",11191,1004,0.186600616439684
"571",11191,1002,0.0395477002175408
"572",11191,1055,0.0395477002175408
"573",11196,1004,0.299358730428027
"574",11196,1008,0.950588810694139
"575",11196,1040,0.853218894242206
"576",11196,1009,0.706160100372635
"577",11196,1018,0.297409411690619
"578",11196,1035,0.048962646337743
"579",11209,1017,1.00418450728312
"580",11209,1088,0.00418450728311996
"581",11220,1008,0.996302519618577
"582",11220,1007,-0.00369748038142324
"583",11235,1017,0.91237083392233
"584",11235,1001,0.16237083392233
"585",11235,1114,0.012757077754666
"586",11243,1017,0.150482733688323
"587",11243,1009,0.00331503791655502
"588",11243,1030,0.00331503791655502
"589",11243,1074,0.00331503791655502
"590",11249,1017,0.85473105463419
"591",11249,1040,0.0951838384280269
"592",11249,1057,-0.00378250377709927
"593",11252,1034,0.0943983732377788
"594",11252,1026,0.0401433708406586
"595",11252,1025,-0.00661823000648623
"596",11254,1025,0.709662287485667
"597",11256,1004,0.441075968246329
"598",11256,1034,0.994883585811043
"599",11256,1008,0.994883585811043
"600",11256,1009,0.0873143824805924
"601",11256,1018,0.484100425898161
"602",11256,1056,-0.00511641418895675
"603",11256,1035,0.0873143824805924
"604",11263,1017,0.9961845781122
"605",11263,1009,0.342105499550388
"606",11263,1010,-0.00381542188779966
"607",11284,1026,0.954774287553939
"608",11284,1038,0.755910435663346
"609",11292,1017,1.00514747296901
"610",11292,1040,0.00514747296901365
"611",11292,1062,0.00514747296901365
"612",11297,1004,0.232683908950509
"613",11297,1026,-0.0065402283374587
"614",11297,1025,-0.0065402283374587
"615",11311,1004,0.66727199028805
"616",11311,1017,0.76569986583597
"617",11311,1003,0.115786588891747
"618",11311,1052,0.112720752146755
"619",11311,1060,0.0175107031871386
"620",11311,1020,0.0175107031871386
"621",11311,1135,0.0175107031871386
"622",11319,1004,0.308230832704975
"623",11319,1017,0.149669934088444
"624",11319,1003,0.49998161436095
"625",11319,1001,1.00152366802015
"626",11319,1018,1.00152366802015
"627",11319,1054,0.10468021953153
"628",11319,1085,0.00152366802015046
"629",11320,1034,0.753513168104215
"630",11320,1008,1.00467124417995
"631",11323,1008,0.305344136204928
"632",11323,1017,0.711340505578898
"633",11323,1018,0.951698501797483
"634",11323,1010,0.00435830035974661
"635",11323,1108,0.00435830035974661
"636",11323,1154,0.00435830035974661
"637",11331,1032,0.0203387518764063
"638",11331,1004,0.971722746255832
"639",11331,1034,0.823967499937147
"640",11331,1008,0.874490735014681
"641",11331,1017,0.119477992574515
"642",11331,1001,0.313942015056816
"643",11331,1041,0.0203387518764063
"644",11331,1052,0.0203387518764063
"645",11331,1020,0.0203387518764063
"646",11331,1068,0.0203387518764063
"647",11332,1004,0.898887414047443
"648",11359,1001,0.0787902716069313
"649",11359,1035,0.0793716152947927
"650",11367,1026,0.0534312316619207
"651",11367,1025,0.00435526937561091
"652",11367,1038,0.00435526937561091
"653",11367,1041,0.00435526937561091
"654",11367,1065,0.00435526937561091
"655",11376,1004,0.052089947777512
"656",11379,1004,0.193107178605613
"657",11407,1034,0.951998228817177
"658",11407,1008,0.999284521217855
"659",11411,1030,0.0887871774690644
"660",11413,1004,0.927105246676845
"661",11413,1008,0.826849043890907
"662",11429,1034,0.245297652677719
"663",11430,1034,0.347405310546581
"664",11430,1018,0.28548383300581
"665",11430,1035,0.096594904978468
"666",11431,1034,0.854686536685284
"667",11431,1008,0.896305467889535
"668",11440,1034,0.124584671043966
"669",11440,1008,0.489515912711686
"670",11444,1034,0.885298071414538
"671",11444,1017,0.529483139833874
"672",11444,1009,0.0888099385368861
"673",11444,1018,0.442942099586936
"674",11444,1000,0.0351001338966792
"675",11444,1014,0.0351001338966792
"676",11444,1074,0.085263702440998
"677",11444,1096,0.0351001338966792
"678",11444,1088,0.0351001338966792
"679",11447,1008,1.00296343127133
"680",11447,1009,0.148136569832936
"681",11451,1003,0.253386980894649
"682",11451,1001,0.156886905656422
"683",11451,1083,0.0124404549059231
"684",11452,1008,0.948429905447259
"685",11452,1045,-0.00249084681358813
"686",11453,1004,0.251717908941821
"687",11453,1020,0.00437944314219865
"688",11458,1004,0.0425516128768391
"689",11467,1034,0.338789433810358
"690",11467,1008,0.328869026762056
"691",11467,1009,0.0810214553309065
"692",11467,1037,-0.0128425399765909
"693",11482,1034,0.655032150118556
"694",11482,1008,0.40777170740239
"695",11482,1017,0.959145475685436
"696",11482,1060,0.0584888126530914
"697",11482,1099,0.0584888126530914
"698",11501,1026,0.106685460869944
"699",11501,1025,0.0563169605056575
"700",11502,1008,0.743120040557974
"701",11502,1051,-0.0063675868463958
"702",11502,1031,-0.0063675868463958
"703",11503,1017,0.952875907768129
"704",11503,1040,0.00128806847848876
"705",11503,1016,0.00128806847848876
"706",11503,1057,0.00128806847848876
"707",11503,1015,0.00128806847848876
"708",11508,1017,0.375804441826058
"709",11508,1001,0.186277112251259
"710",11508,1018,0.284794248633543
"711",11508,1030,0.0865560689257596
"712",11508,1078,0.0838005037001306
"713",11519,1004,0.840472835350386
"714",11519,1008,0.294539932180501
"715",11520,1034,0.407313593840544
"716",11520,1008,0.949915357260971
"717",11520,1017,0.949915357260971
"718",11520,1018,0.194430902962862
"719",11520,1000,-0.00118153359865109
"720",11520,1029,-0.00118153359865109
"721",11520,1014,-0.00118153359865109
"722",11520,1031,-0.00118153359865109
"723",11520,1218,-0.00118153359865109
"724",11520,1048,-0.00118153359865109
"725",11521,1018,1.00102514760874
"726",11523,1002,0.049102821415456
"727",11523,1055,-0.000994651777772249
"728",11526,1004,0.860272954095212
"729",11528,1032,-0.00421722709753346
"730",11535,1034,0.996981638932018
"731",11535,1008,0.944865222578139
"732",11535,1023,-0.00301836106798249
"733",11539,1008,0.750530716422194
"734",11539,1009,0.0463180915610213
"735",11540,1017,0.798062324546729
"736",11540,1058,0.0946524004397767
"737",11541,1034,0.143519695959577
"738",11544,1034,0.292513478172308
"739",11544,1008,0.240441343764679
"740",11544,1018,0.0408117775138319
"741",11544,1052,0.154951773302145
"742",11544,1060,0.0469149078318119
"743",11544,1031,0.236263756380252
"744",11544,1016,0.0440194178365707
"745",11550,1146,0.0343583209256794
"746",11555,1034,0.855395977081412
"747",11558,1026,0.0335599789890317
"748",11558,1025,-0.0124496710562603
"749",11577,1034,0.356046220153293
"750",11577,1008,0.999898816890821
"751",11584,1009,1.00747214752238
"752",11592,1004,0.160076233577885
"753",11599,1008,0.997638940058934
"754",11599,1052,-0.00236105994106572
"755",11599,1022,-0.00236105994106572
"756",11600,1000,-0.00833221666824318
"757",11600,1014,0.0423579561866941
"758",11601,1004,0.754048700141721
"759",11601,1009,0.00532119573970386
"760",11604,1017,0.55932267515287
"761",11604,1037,0.054987795460252
"762",11607,1036,-0.00237512926571409
"763",11608,1017,1.00302237981036
"764",11608,1002,0.00302237981035975
"765",11611,1032,0.0130786020712795
"766",11611,1008,0.358646821619071
"767",11611,1056,0.0130786020712795
"768",11613,1008,0.860844797473033
"769",11613,1027,0.0116277078015648
"770",11613,1018,0.860844797473033
"771",11613,1041,0.0116277078015648
"772",11613,1020,0.0116277078015648
"773",11615,1004,0.238273215095376
"774",11631,1004,0.909160824980792
"775",11631,1067,0.013140820248246
"776",11640,1007,0.0180480836087692
"777",11644,1008,0.323897779890387
"778",11644,1026,-0.0010549159184262
"779",11644,1017,0.244867524487946
"780",11644,1018,0.903828904548009
"781",11644,1025,-0.0010549159184262
"782",11644,1038,-0.0010549159184262
"783",11644,1052,-0.0010549159184262
"784",11644,1010,-0.0010549159184262
"785",11644,1071,-0.0010549159184262
"786",11648,1003,0.0029247618681566
"787",11648,1001,0.0029247618681566
"788",11648,1018,0.0524139391870021
"789",11648,1035,0.0029247618681566
"790",11652,1008,0.955458299292029
"791",11652,1007,0.00378534465357371
"792",11663,1004,0.345923355704787
"793",11663,1034,0.139896160447376
"794",11663,1008,0.996838071595571
"795",11663,1003,0.250551296470249
"796",11663,1000,0.0445241012128387
"797",11674,1034,0.768536958261271
"798",11674,1008,1.01944687103482
"799",11674,1007,0.0667871119819656
"800",11674,1153,0.0194468710348153
"801",11678,1034,0.827645704850894
"802",11678,1008,0.92820061992064
"803",11689,1195,-0.00668459278992335
"804",11692,1026,0.132119769316374
"805",11692,1025,0.0800190741612446
"806",11692,1005,0.0322364301019571
"807",11696,1004,0.850488656194036
"808",11696,1003,0.854244951697721
"809",11696,1001,0.998645297705664
"810",11696,1000,0.05126948275317
"811",11696,1049,0.0492829433774344
"812",11696,1146,-0.00135470229433643
"813",11696,1013,-0.00135470229433643
"814",11705,1038,0.286736299381176
"815",11705,1064,0.0807843289019718
"816",11711,1004,0.00405085232167064
"817",11711,1034,0.855395977081412
"818",11711,1008,0.954499227241585
"819",11711,1003,0.00405085232167064
"820",11711,1040,0.00405085232167064
"821",11711,1009,1.00405085232167
"822",11711,1018,1.00405085232167
"823",11711,1030,0.00405085232167064
"824",11711,1037,0.904947602161499
"825",11711,1054,0.00405085232167064
"826",11711,1035,1.00405085232167
"827",11723,1034,0.642171635949324
"828",11723,1008,0.297828154221296
"829",11733,1032,0.323592097630954
"830",11737,1004,0.995534750937594
"831",11737,1008,0.451096972365412
"832",11737,1003,0.651088900598127
"833",11737,1018,0.300870680087151
"834",11737,1118,-0.00446524906240635
"835",11743,1034,0.921900808168576
"836",11743,1008,0.876353084777041
"837",11753,1025,0.101666673743112
"838",11766,1004,0.439936890087713
"839",11766,1008,0.145770749046608
"840",11772,1008,0.137192646118696
"841",11772,1009,0.842588903011416
"842",11778,1017,1.04063174279523
"843",11778,1001,0.790437096979283
"844",11778,1058,0.339617463596175
"845",11778,1000,0.088051463048571
"846",11779,1034,0.191219254164062
"847",11780,1025,-0.00260028202365752
"848",11780,1105,-0.00260028202365752
"849",11784,1034,0.1
"850",11784,1008,0.949999999999999
"851",11793,1007,-0.00405042628830667
"852",11793,1059,-0.00405042628830667
"853",11802,1026,0.692991006831603
"854",11803,1004,0.902501804782598
"855",11803,1006,-0.00307582904319651
"856",11811,1017,0.49831172290687
"857",11811,1018,0.0944065271444502
"858",11811,1030,-0.00526230232403647
"859",11811,1078,-0.00526230232403647
"860",11856,1004,0.898794671166396
"861",11860,1026,0.0431781398975957
"862",11860,1025,-0.00330777302185451
"863",11870,1008,0.942410753686974
"864",11870,1026,0.991030785478117
"865",11870,1025,0.689706607899757
"866",11870,1007,-0.00896921452188321
"867",11875,1004,0.291708213335696
"868",11875,1034,0.0485965565328255
"869",11875,1008,0.396171992544587
"870",11879,1001,0.221869577859253
"871",11885,1034,0.798114888270339
"872",11885,1008,0.893563707301928
"873",11888,1034,0.401407846667257
"874",11888,1008,0.905608367056836
"875",11888,1018,0.156254325665703
"876",11888,1127,0.00433386318186143
"877",11899,1034,0.0940140900327244
"878",11899,1008,0.358003783856701
"879",11899,1045,0.00055248009651139
"880",11899,1046,0.00055248009651139
"881",11901,1004,0.775999317790755
"882",11904,1004,0.859831359662887
"883",11904,1034,0.29751871289005
"884",11905,1004,0.775297561570257
"885",11908,1004,0.166822089773647
"886",11917,1008,0.957555070818957
"887",11921,1034,0.473905398359786
"888",11921,1008,0.988512356489021
"889",11926,1003,0.0894649344901299
"890",11926,1076,0.0410117591203356
"891",11926,1078,-0.00744141624945869
"892",11926,1230,-0.00744141624945869
"893",11947,1004,0.997944897982048
"894",11950,1003,0.091678223937625
"895",11950,1001,0.091678223937625
"896",11957,1008,0.314942325496534
"897",11957,1017,0.95964160140304
"898",11957,1052,0.00957678723946799
"899",11961,1004,0.950413744472735
"900",11964,1009,0.718657048328361
"901",11964,1037,0.572088284680974
"902",11967,1004,0.242000832584804
"903",11967,1003,0.0909340991429431
"904",11967,1009,0.235787157257443
"905",11975,1119,0.0328985170141194
"906",11983,1008,0.198102242820169
"907",11992,1017,0.13371240275688
"908",11992,1011,-0.00517807008591576
"909",11992,1203,-0.00517807008591576
"910",11994,1034,0.908307676067015
"911",11994,1017,0.550703037296012
"912",11994,1156,0.0103207141488981
"913",12001,1034,0.99510078426401
"914",12009,1183,-0.00546139650056799
"915",12011,1034,0.0322563725204684
"916",12011,1183,-0.0142728665641222
"917",12022,1026,0.0572304091575852
"918",12022,1001,0.057832125392382
"919",12022,1025,0.120021388577254
"920",12023,1004,0.193144025412279
"921",12023,1017,0.952378485878039
"922",12023,1003,0.142367362339612
"923",12023,1001,0.188904942753165
"924",12023,1036,0.101109893267222
"925",12023,1040,0.392259044434088
"926",12023,1044,-0.000124295006567944
"927",12023,1205,-0.000124295006567944
"928",12026,1004,0.506322600192168
"929",12026,1003,0.165085155240799
"930",12026,1001,0.865686742626478
"931",12026,1018,1.01564780298804
"932",12028,1026,-0.00579869226640257
"933",12028,1025,-0.00579869226640257
"934",12040,1001,0.951502492191423
"935",12053,1026,0.938978776496644
"936",12053,1070,0.600706921288027
"937",12053,1025,0.79804442414192
"938",12053,1059,0.0845109045228679
"939",12059,1034,0.140833240600496
"940",12076,1034,0.611217806963452
"941",12076,1008,0.398463873836741
"942",12076,1007,0.0567267282826835
"943",12076,1080,0.00809169407361181
"944",12081,1004,0.65064989005561
"945",12081,1023,-0.00723138182081019
"946",12108,1041,0.0959564194655046
"947",12115,1004,0.0480049613826375
"948",12115,1008,0.948943298657269
"949",12115,1003,0.147066624108005
"950",12115,1001,-0.00152586998004636
"951",12115,1053,-0.00152586998004636
"952",12116,1034,0.057088502752611
"953",12116,1008,0.199541109584515
"954",12120,1032,0.0501331653960044
"955",12143,1034,0.513492386273234
"956",12143,1001,0.00799028770787982
"957",12143,1018,0.0568693639357546
"958",12143,1035,0.00799028770787982
"959",12147,1034,0.928015243706015
"960",12192,1004,0.808197627228188
"961",12192,1040,0.356510795065608
"962",12192,1295,0.0612524818190846
"963",12192,1084,0.00775279972486152
"964",12204,1030,0.0163526938659431
"965",12204,1078,0.0163526938659431
"966",12208,1034,0.912304449607772
"967",12208,1008,1.01109105511885
"968",12208,1017,0.011091055118854
"969",12223,1008,0.907420672202007
"970",12223,1045,0.00621405498989813
"971",12246,1017,0.949087981995616
"972",12253,1008,0.946917740543199
"973",12253,1009,0.898035556685236
"974",12253,1018,0.995799924401162
"975",12253,1035,0.69483613422064
"976",12257,1025,0.101425149384377
"977",12261,1004,0.590471819032796
"978",12261,1130,0.00144877718120675
"979",12269,1017,1.00483153998403
"980",12269,1010,0.00483153998402983
"981",12269,1092,0.00483153998402983
"982",12274,1036,-0.00284292697625012
"983",12274,1009,0.946840993663767
"984",12274,1037,0.795892755583822
"985",12281,1004,0.823613844972817
"986",12293,1183,0.0155244662372168
"987",12306,1004,0.256744504921143
"988",12308,1032,0.65385045551913
"989",12308,1008,0.998471623739345
"990",12308,1009,0.342503707997508
"991",12308,1037,0.0450304812399041
"992",12308,1203,-0.0015283762606548
"993",12313,1034,0.0571400040393453
"994",12313,1008,0.95964497295292
"995",12313,1018,0.95964497295292
"996",12313,1136,0.00814120596598607
"997",12315,1034,0.792636804833521
"998",12319,1034,0.855270593224995
"999",12324,1018,0.997175968813487
"1000",12324,1124,-0.00282403118651239
"1001",12324,1131,-0.00282403118651239
"1002",12325,1003,1.00047953832059
"1003",12325,1009,0.150871263100084
"1004",12325,1076,0.000479538320586941
"1005",12325,1037,0.000479538320586941
"1006",12325,1074,0.000479538320586941
"1007",12327,1004,0.324824939289254
"1008",12337,1008,0.399618059947041
"1009",12337,1009,0.0412658449918916
"1010",12337,1037,-0.00659405479280413
"1011",12343,1004,0.278822393386108
"1012",12343,1165,-0.0101048504466003
"1013",12343,1067,-0.0101048504466003
"1014",12357,1059,-0.00136426477913825
"1015",12359,1034,0.914352006336742
"1016",12365,1004,0.889550732668382
"1017",12365,1018,0.244456166830055
"1018",12365,1029,-0.000306201557305805
"1019",12365,1048,0.0486462721201663
"1020",12365,1097,-0.000306201557305805
"1021",12371,1046,0.0040354078946695
"1022",12392,1034,0.337226454338924
"1023",12392,1008,0.541545755477673
"1024",12392,1007,0.0916679274371292
"1025",12392,1039,0.20004760346328
"1026",12393,1044,0.00015057564173826
"1027",12404,1026,0.042270464115381
"1028",12404,1038,-0.00541932742195785
"1029",12421,1034,0.905487439167829
"1030",12421,1008,0.960481637428739
"1031",12421,1003,0.0599883875055927
"1032",12421,1040,0.00866855027945295
"1033",12421,1000,0.00866855027945295
"1034",12421,1014,0.00866855027945295
"1035",12421,1011,0.00866855027945295
"1036",12425,1034,0.688447514022906
"1037",12431,1009,0.00227088232645484
"1038",12432,1008,0.595160317566387
"1039",12437,1053,0.0134348194400253
"1040",12441,1032,-0.00166121440471409
"1041",12441,1009,0.0456833961296372
"1042",12460,1034,0.159488032862803
"1043",12460,1046,0.0135010890337675
"1044",12461,1034,0.47494812992027
"1045",12462,1004,0.927191991703455
"1046",12462,1105,0.0259642982874379
"1047",12477,1034,0.473443449895337
"1048",12477,1008,0.518987565372104
"1049",12477,1009,0.147803228926513
"1050",12477,1018,0.134285580434652
"1051",12483,1032,0.134007208694054
"1052",12483,1034,0.995902049126924
"1053",12483,1008,0.995902049126924
"1054",12483,1141,-0.00409795087307597
"1055",12512,1008,0.862074215991157
"1056",12512,1009,0.818367470596865
"1057",12512,1018,0.162050226686942
"1058",12512,1035,0.0650211037191042
"1059",12513,1069,0.0413625045235125
"1060",12514,1004,0.956853379450805
"1061",12514,1034,0.10628662219568
"1062",12514,1008,1.0061891384877
"1063",12514,1002,0.00618913848769851
"1064",12514,1040,0.00618913848769851
"1065",12514,1071,0.00618913848769851
"1066",12518,1034,0.197925934173259
"1067",12518,1008,0.950131022310809
"1068",12518,1007,-0.000309995316701041
"1069",12518,1118,-0.000309995316701041
"1070",12518,1188,-0.000309995316701041
"1071",12523,1008,0.394724983483463
"1072",12523,1001,0.537226576962925
"1073",12523,1009,0.136656725344718
"1074",12523,1049,-0.00794537955599948
"1075",12523,1016,-0.00794537955599948
"1076",12533,1025,0.103160946935678
"1077",12537,1001,0.998421757080281
"1078",12537,1135,-0.00157824291971905
"1079",12539,1008,0.500922781614511
"1080",12566,1004,0.28133241368046
"1081",12566,1040,-0.00531583999737868
"1082",12566,1058,0.0431704808470637
"1083",12566,1018,0.405296815877248
"1084",12566,1052,-0.00531583999737868
"1085",12566,1060,-0.00531583999737868
"1086",12571,1034,0.574013556423146
"1087",12576,1002,0.0133822057953543
"1088",12579,1032,0.0455020080026437
"1089",12579,1034,0.9004334210596
"1090",12579,1056,-0.00215331037595456
"1091",12583,1055,0.0295684519614957
"1092",12583,1223,0.0295684519614957
"1093",12590,1010,0.013351314710834
"1094",12596,1034,0.967703175264178
"1095",12596,1008,0.1582308947335
"1096",12597,1004,0.39666974724031
"1097",12599,1026,0.041656480901227
"1098",12599,1041,0.0518695833989885
"1099",12599,1063,-0.0037866139045561
"1100",12599,1064,-0.0037866139045561
"1101",12602,1034,0.291794625487478
"1102",12602,1008,0.753748718715521
"1103",12602,1009,0.240393559726681
"1104",12602,1018,0.39383051228231
"1105",12602,1035,0.0508181976404794
"1106",12618,1026,-0.00467266473519273
"1107",12618,1038,-0.00467266473519273
"1108",12618,1053,-0.00467266473519273
"1109",12635,1001,0.0591867280622472
"1110",12641,1034,0.527718739829221
"1111",12666,1004,0.80349195080184
"1112",12666,1003,-0.00186512653000911
"1113",12666,1001,0.0486699475122495
"1114",12666,1010,-0.00186512653000911
"1115",12666,1098,-0.00186512653000911
"1116",12666,1020,-0.00186512653000911
"1117",12678,1034,-0.000527313282264415
"1118",12678,1008,0.852249978817186
"1119",12678,1084,-0.000527313282264415
"1120",12678,1071,-0.000527313282264415
"1121",12679,1034,0.094739189170583
"1122",12679,1008,0.142616041407596
"1123",12684,1008,0.995171551615472
"1124",12684,1017,0.18878583880921
"1125",12684,1040,0.145473034152875
"1126",12684,1009,0.842649418494311
"1127",12684,1000,-0.00482844838452802
"1128",12684,1052,0.789861896878523
"1129",12684,1124,-0.00482844838452802
"1130",12684,1014,0.0971648800971222
"1131",12684,1088,-0.00482844838452802
"1132",12690,1018,0.888026346578097
"1133",12690,1030,0.0925881211546706
"1134",12690,1078,-0.00772509803623636
"1135",12714,1004,1.00886512785452
"1136",12714,1008,0.308519562768737
"1137",12714,1017,1.00886512785452
"1138",12714,1009,0.059212963450108
"1139",12726,1008,1.00264359735955
"1140",12726,1017,0.949641135979084
"1141",12726,1058,0.0550212534712369
"1142",12726,1073,0.0026435973595523
"1143",12732,1004,0.809893889189772
"1144",12732,1008,0.863283780816417
"1145",12732,1001,0.451562553902319
"1146",12732,1119,0.0143312197098086
"1147",12732,1127,0.0143312197098086
"1148",12746,1065,0.0239256978784006
"1149",12763,1034,0.988333246703147
"1150",12763,1008,0.988333246703147
"1151",12763,1080,-0.0116667532968533
"1152",12769,1004,0.10798264730553
"1153",12784,1034,0.141961301656334
"1154",12784,1008,0.893572371986876
"1155",12787,1032,-0.00235629152366159
"1156",12791,1034,0.958755962833309
"1157",12791,1018,1.00568290905664
"1158",12792,1034,0.797771074174562
"1159",12792,1040,0.657520475267832
"1160",12802,1034,0.0584398163239054
"1161",12802,1008,0.159712428987427
"1162",12811,1034,0.519527556282599
"1163",12811,1008,0.971966285021451
"1164",12811,1017,0.511215497356171
"1165",12811,1018,1.02045757795177
"1166",12811,1041,0.167879491668811
"1167",12811,1029,0.0204575779517719
"1168",12811,1048,0.0651732850839624
"1169",12815,1008,0.557849427811486
"1170",12819,1025,0.0122068376378852
"1171",12831,1017,1.00288213637
"1172",12831,1001,0.509555129845126
"1173",12831,1181,0.00288213637000027
"1174",12840,1004,0.953886621975243
"1175",12840,1009,0.705518403443238
"1176",12840,1061,0.00275364937764618
"1177",12840,1035,0.105756714144258
"1178",12840,1023,0.00275364937764618
"1179",12846,1034,0.889703864197802
"1180",12846,1008,0.425209088801754
"1181",12847,1034,0.847523641165729
"1182",12848,1004,0.780947468699767
"1183",12848,1003,0.175159074538288
"1184",12848,1295,0.0304154260842978
"1185",12856,1004,0.999258051243952
"1186",12863,1044,0.00252795581746407
"1187",12868,1026,0.0540759573492892
"1188",12868,1070,0.00352429046677117
"1189",12868,1038,0.00352429046677117
"1190",12868,1053,0.00352429046677117
"1191",12868,1064,0.00352429046677117
"1192",12868,1183,0.00352429046677117
"1193",12872,1295,0.0465611326329575
"1194",12875,1034,0.497332951721073
"1195",12875,1008,0.200795068423052
"1196",12875,1017,0.504964369348575
"1197",12875,1009,0.000342481196528799
"1198",12875,1130,0.0480645629935471
"1199",12875,1112,0.000342481196528799
"1200",12875,1105,0.000342481196528799
"1201",12897,1032,-0.00655124870001097
"1202",12897,1034,0.043782286152713
"1203",12897,1008,0.236050653084033
"1204",12905,1004,0.997068593174709
"1205",12905,1003,0.141675210701054
"1206",12905,1001,0.188623529457175
"1207",12905,1021,-0.00293140682529122
"1208",12905,1020,-0.00293140682529122
"1209",12905,1160,-0.00293140682529122
"1210",12905,1130,-0.00293140682529122
"1211",12905,1231,-0.00293140682529122
"1212",12922,1001,0.141579618597587
"1213",12922,1009,0.757201516112622
"1214",12922,1035,0.656679216041459
"1215",12922,1130,0.0438001578753885
"1216",12933,1004,0.38163454222663
"1217",12933,1008,0.0877685510976714
"1218",12933,1009,0.990495145091297
"1219",12949,1034,1.00025917829192
"1220",12982,1008,0.406970415757571
"1221",12985,1004,0.141598569029214
"1222",12985,1008,0.99568843622137
"1223",12985,1001,0.0413630911176621
"1224",12985,1002,-0.00431156377863046
"1225",12985,1018,0.191422832659055
"1226",12985,1076,-0.00431156377863046
"1227",12985,1078,-0.00431156377863046
"1228",12986,1140,0.000947353724770499
"1229",13006,1004,0.201216232147362
"1230",13015,1004,0.238720418594818
"1231",13015,1003,0.13590231123057
"1232",13015,1001,0.086034892612189
"1233",13040,1027,0.0012450063387127
"1234",13040,1026,0.0012450063387127
"1235",13040,1070,0.0012450063387127
"1236",13040,1038,0.0012450063387127
"1237",13040,1041,0.0012450063387127
"1238",13042,1008,0.327765342542657
"1239",13043,1059,0.0115369866937689
"1240",13044,1008,0.912699126070719
"1241",13044,1009,0.606204816435882
"1242",13044,1018,0.0083824774056372
"1243",13044,1035,0.0083824774056372
"1244",13051,1008,0.233032810996031
"1245",13051,1018,0.28345556456738
"1246",13053,1017,0.194621959389453
"1247",13053,1003,0.202006965500327
"1248",13053,1001,0.190909792922531
"1249",13053,1002,0.00187527804370558
"1250",13053,1009,0.75908584312806
"1251",13053,1018,0.202771021873184
"1252",13053,1000,0.152728268303286
"1253",13053,1037,0.149016101836365
"1254",13053,1035,0.056694367983516
"1255",13053,1049,0.00187527804370558
"1256",13066,1008,0.147829346937235
"1257",13066,1045,-0.000566221617919534
"1258",13066,1001,0.950475937552443
"1259",13066,1018,0.950475937552443
"1260",13066,1046,-0.000566221617919534
"1261",13071,1004,0.547567369468746
"1262",13071,1030,-0.000720711381683156
"1263",13071,1100,-0.000720711381683156
"1264",13071,1225,-0.000720711381683156
"1265",13074,1044,0.000850436181745177
"1266",13077,1034,0.194749415184961
"1267",13077,1008,0.993459771662541
"1268",13085,1017,0.124939191494391
"1269",13085,1018,0.828307817986873
"1270",13085,1131,0.0228028693096239
"1271",13089,1004,0.435131320151437
"1272",13089,1034,0.471860151683863
"1273",13089,1003,0.142819017517798
"1274",13089,1001,0.437606099242923
"1275",13089,1002,0.0406755431461637
"1276",13089,1018,0.891296264023542
"1277",13097,1004,0.877909711071963
"1278",13098,1026,0.00357590445675367
"1279",13098,1025,0.00357590445675367
"1280",13099,1046,-0.00396882881504167
"1281",13104,1004,0.311224949544971
"1282",13104,1017,0.308131858588006
"1283",13104,1009,0.0553916129518089
"1284",13104,1018,0.701882926283814
"1285",13104,1037,0.00837846793376856
"1286",13104,1035,0.00837846793376856
"1287",13104,1020,0.458067823567608
"1288",13105,1010,-0.000816276251902601
"1289",13105,1098,-0.000816276251902601
"1290",13105,1020,-0.000816276251902601
"1291",13105,1096,-0.000816276251902601
"1292",13105,1244,-0.000816276251902601
"1293",13109,1001,0.102038694572336
"1294",13109,1009,0.0049763277650403
"1295",13109,1030,0.0049763277650403
"1296",13109,1076,0.0539653932765246
"1297",13109,1074,0.0049763277650403
"1298",13129,1026,0.002159740485622
"1299",13135,1004,0.284867139457583
"1300",13135,1040,0.0360604278345374
"1301",13146,1008,0.518483317034628
"1302",13150,1026,0.141164182609937
"1303",13150,1017,0.792351662341279
"1304",13150,1052,-0.0103682927040693
"1305",13150,1060,-0.0103682927040693
"1306",13150,1030,0.081191414074768
"1307",13150,1054,-0.0103682927040693
"1308",13150,1020,0.93537761540879
"1309",13150,1108,-0.0103682927040693
"1310",13156,1001,0.990703895840614
"1311",13156,1076,0.0401665059227705
"1312",13159,1026,-0.00685446960633254
"1313",13159,1017,0.993145530393667
"1314",13159,1038,-0.00685446960633254
"1315",13164,1004,0.228361766863989
"1316",13169,1001,0.272307114728459
"1317",13174,1032,-0.00249178150603629
"1318",13174,1008,0.89735107008627
"1319",13174,1026,-0.00249178150603629
"1320",13174,1009,0.146391716839062
"1321",13174,1041,-0.00249178150603629
"1322",13174,1037,-0.00249178150603629
"1323",13174,1035,0.348259692500518
"1324",13174,1064,-0.00249178150603629
"1325",13176,1034,0.556164903614396
"1326",13176,1001,0.147716790458397
"1327",13176,1009,0.197280719092948
"1328",13176,1018,0.054992169075025
"1329",13176,1035,0.00516107043641396
"1330",13179,1004,0.148951144623042
"1331",13179,1017,0.100032617708406
"1332",13179,1009,0.999105640778094
"1333",13179,1018,0.649466131806549
"1334",13179,1030,-0.00089435922190638
"1335",13179,1076,-0.00089435922190638
"1336",13179,1078,0.0490541420597429
"1337",13179,1136,-0.00089435922190638
"1338",13180,1004,0.161731854004565
"1339",13184,1034,0.0946464562289141
"1340",13184,1240,-0.00284327437463829
"1341",13188,1008,0.998473384769434
"1342",13188,1055,-0.00152661523056663
"1343",13198,1003,0.150703683356277
"1344",13205,1034,0.387487296333396
"1345",13205,1008,0.890864777626201
"1346",13207,1008,0.19261537833852
"1347",13207,1036,-0.00390603988652688
"1348",13207,1009,-0.00390603988652688
"1349",13207,1124,0.0459802454001615
"1350",13212,1008,0.958820053106298
"1351",13212,1009,0.154315813520498
"1352",13216,1059,-0.00296285316103966
"1353",13218,1003,0.099843825319649
"1354",13235,1034,0.579627531642114
"1355",13235,1008,0.58590072425502
"1356",13235,1026,0.939702170812394
"1357",13235,1017,0.635816486924219
"1358",13235,1036,0.0386295617813911
"1359",13235,1040,-0.0121367125885722
"1360",13235,1000,-0.0121367125885722
"1361",13235,1014,-0.0121367125885722
"1362",13235,1031,-0.0121367125885722
"1363",13235,1050,-0.0121367125885722
"1364",13248,1004,0.185766995436444
"1365",13248,1034,0.0794297508762718
"1366",13248,1026,-0.0168971528648139
"1367",13248,1025,-0.0168971528648139
"1368",13257,1032,0.130879689770772
"1369",13257,1034,0.931400470314994
"1370",13257,1008,0.222677308807657
"1371",13265,1004,0.395971644157498
"1372",13265,1008,0.703300347634756
"1373",13265,1036,0.00477359323664001
"1374",13265,1040,0.00477359323664001
"1375",13265,1031,0.00477359323664001
"1376",13266,1004,0.998322937233563
"1377",13292,1080,6.93889390390723e-18
"1378",13294,1008,0.135936823154579
"1379",13294,1000,0.590220067668327
"1380",13294,1014,0.444961946729402
"1381",13294,1082,-0.00946870922829487
"1382",13294,1081,-0.00946870922829487
"1383",13322,1004,0.237834270202366
"1384",13322,1137,0.352738359297441
"1385",13325,1008,0.889732533912096
"1386",13325,1105,-0.0066247419218895
"1387",13331,1039,0.0383724607507674
"1388",13338,1004,0.904749037988171
"1389",13338,1030,0.00467004781838509
"1390",13340,1004,0.103563521259793
"1391",13340,1017,0.246172443862617
"1392",13340,1001,0.235628083037001
"1393",13340,1035,0.849612841714869
"1394",13355,1008,0.293477147701412
"1395",13355,1009,0.899793823064339
"1396",13355,1037,0.346170317040573
"1397",13365,1004,0.389091939214935
"1398",13365,1034,0.174741675929546
"1399",13365,1017,0.259745575108835
"1400",13375,1032,-0.00527717708167067
"1401",13375,1008,0.99472282291833
"1402",13375,1026,0.0914351376651546
"1403",13375,1009,0.14347577250653
"1404",13375,1025,-0.00527717708167067
"1405",13375,1041,-0.00527717708167067
"1406",13375,1052,-0.00527717708167067
"1407",13375,1030,-0.00527717708167067
"1408",13375,1075,-0.00527717708167067
"1409",13377,1034,0.864113098147485
"1410",13381,1034,1.01173691527492
"1411",13381,1008,0.960872872374843
"1412",13381,1018,1.01173691527492
"1413",13381,1070,0.0117369152749214
"1414",13381,1025,0.0117369152749214
"1415",13381,1007,0.0117369152749214
"1416",13381,1183,0.0117369152749214
"1417",13382,1001,0.705273095086078
"1418",13382,1002,0.00437913683530017
"1419",13382,1018,0.200600466232765
"1420",13382,1035,0.103006166949153
"1421",13388,1010,0.0597831101658938
"1422",13395,1004,0.800212031768042
"1423",13404,1109,0.0176240100294304
"1424",13407,1004,0.234542224013364
"1425",13407,1034,0.84121914790328
"1426",13407,1058,-0.00728777528954828
"1427",13412,1004,0.242988990250763
"1428",13412,1030,0.0504362436640591
"1429",13416,1008,0.923268578217985
"1430",13416,1045,0.0239687040488372
"1431",13426,1034,0.941817016303488
"1432",13426,1008,0.894048885223605
"1433",13427,1026,0.00812745211692082
"1434",13444,1003,0.0435307238789806
"1435",13445,1026,-0.000323056451022978
"1436",13445,1041,-0.000323056451022978
"1437",13451,1004,0.786268576102284
"1438",13451,1034,0.745984959981386
"1439",13451,1008,0.392283040080607
"1440",13451,1026,0.897542162436167
"1441",13451,1001,0.0912895696166365
"1442",13451,1070,0.182980915748654
"1443",13451,1064,0.240722067859038
"1444",13451,1215,-0.00729609293804397
"1445",13457,1034,0.766763121250701
"1446",13468,1038,0.00464506988075098
"1447",13468,1064,0.00464506988075098
"1448",13478,1295,0.0555597072274555
"1449",13478,1148,0.00707706048104037
"1450",13486,1020,0.187044400829128
"1451",13492,1008,0.391626731884392
"1452",13492,1003,-0.0102799826668983
"1453",13492,1001,0.0847873113288864
"1454",13492,1018,0.0357555158669021
"1455",13506,1004,0.0463792555850093
"1456",13512,1034,0.816265179873368
"1457",13512,1008,0.823738848378484
"1458",13512,1017,0.625712681466299
"1459",13512,1088,0.017982340718405
"1460",13523,1008,0.339545881697572
"1461",13523,1009,0.243424494398915
"1462",13523,1022,0.00130456912090864
"1463",13523,1066,0.00130456912090864
"1464",13539,1034,0.352664714411805
"1465",13539,1008,0.275703023847327
"1466",13541,1004,0.950956768990094
"1467",13541,1008,0.950956768990094
"1468",13541,1001,0.997564374716875
"1469",13543,1034,0.898567321785449
"1470",13543,1008,0.452650859767849
"1471",13546,1004,0.143932618409047
"1472",13556,1061,-0.00467483626122243
"1473",13577,1008,0.0508537582019052
"1474",13577,1009,0.153240385450495
"1475",13591,1034,0.000556833109148884
"1476",13591,1008,0.752615948097667
"1477",13591,1010,0.000556833109148884
"1478",13591,1020,0.0508609148339167
"1479",13604,1034,-0.00929098503857747
"1480",13604,1008,0.0423805860914566
"1481",13604,1017,0.233734902647507
"1482",13604,1009,0.338143550226087
"1483",13604,1037,0.0423805860914566
"1484",13613,1004,0.141913960110561
"1485",13618,1004,0.14558857891929
"1486",13618,1034,0.995958908624622
"1487",13618,1008,0.995958908624622
"1488",13618,1058,-0.00404109137537791
"1489",13624,1008,0.70482769726468
"1490",13636,1034,0.978640657117891
"1491",13636,1008,0.929861190608791
"1492",13643,1040,0.992366718371094
"1493",13643,1011,-0.00763328162890638
"1494",13646,1032,-0.0101975806499524
"1495",13646,1009,0.0369665926489953
"1496",13646,1074,-0.0101975806499524
"1497",13672,1034,0.200546786951247
"1498",13677,1034,0.803627107379907
"1499",13677,1008,0.955846206161185
"1500",13677,1017,0.0520454517047545
"1501",13677,1003,0.154160832130329
"1502",13677,1001,0.101859827090504
"1503",13677,1018,0.0499336862424066
"1504",13677,1054,0.00262564718542842
"1505",13677,1088,0.00262564718542842
"1506",13677,1085,0.00262564718542842
"1507",13677,1079,0.00262564718542842
"1508",13690,1008,0.229884688232146
"1509",13696,1004,0.24336293979251
"1510",13696,1017,0.896320015149704
"1511",13696,1003,0.0920418413523604
"1512",13696,1001,0.239251234390761
"1513",13696,1018,0.0892350915841227
"1514",13696,1035,-0.00591664034500231
"1515",13696,1059,-0.00591664034500231
"1516",13708,1142,0.0018732706541701
"1517",13711,1008,0.091799817952908
"1518",13711,1009,0.993997277364877
"1519",13711,1018,0.744994992376731
"1520",13711,1035,0.0415134390853881
"1521",13713,1034,0.00838324363747915
"1522",13713,1008,0.95913947172949
"1523",13713,1026,0.00838324363747915
"1524",13713,1017,0.309641446183194
"1525",13713,1038,0.00838324363747915
"1526",13713,1041,0.00838324363747915
"1527",13713,1069,0.00838324363747915
"1528",13713,1030,0.00838324363747915
"1529",13713,1053,0.00838324363747915
"1530",13713,1072,0.00838324363747915
"1531",13713,1039,0.00838324363747915
"1532",13713,1177,0.00838324363747915
"1533",13713,1159,0.00838324363747915
"1534",13713,1071,0.00838324363747915
"1535",13713,1138,0.00838324363747915
"1536",13713,1123,0.00838324363747915
"1537",13725,1008,1.00388069142793
"1538",13725,1007,0.00388069142792731
"1539",13768,1034,0.447102604255371
"1540",13768,1008,0.605649973504655
"1541",13768,1026,0.994094384866952
"1542",13768,1009,0.183575603096935
"1543",13768,1000,0.0387526453609151
"1544",13768,1041,0.324416101210521
"1545",13768,1037,-0.0059056151330486
"1546",13768,1014,-0.0059056151330486
"1547",13768,1031,-0.0059056151330486
"1548",13768,1088,-0.0059056151330486
"1549",13788,1026,0.779914600288327
"1550",13788,1025,0.125259592308992
"1551",13800,1004,0.997479494433228
"1552",13800,1026,0.0970957863911666
"1553",13800,1025,-0.0025205055667716
"1554",13800,1183,-0.0025205055667716
"1555",13800,1095,-0.0025205055667716
"1556",13813,1034,0.906195993791051
"1557",13813,1008,0.860303315455034
"1558",13816,1147,0.0309357738307993
"1559",13825,1017,0.297188267485649
"1560",13832,1104,0.0261431778185126
"1561",13835,1004,0.0970467417384599
"1562",13835,1034,0.86062708700823
"1563",13839,1018,0.994495593140552
"1564",13839,1295,-0.00550440685944781
"1565",13839,1039,-0.00550440685944781
"1566",13839,1096,-0.00550440685944781
"1567",13841,1008,0.15695255268342
"1568",13841,1003,0.960865713847228
"1569",13841,1001,1.00757318996869
"1570",13841,1030,0.103624443804771
"1571",13841,1078,0.0569169676833041
"1572",13841,1134,0.00757318996869422
"1573",13849,1034,0.954523221120701
"1574",13853,1032,0.134197311451261
"1575",13853,1017,0.250450806470852
"1576",13853,1009,0.447103670645237
"1577",13853,1056,-0.00976706795589768
"1578",13870,1026,-0.00155521602222063
"1579",13870,1001,0.950448202737816
"1580",13870,1009,-0.00155521602222063
"1581",13870,1064,-0.00155521602222063
"1582",13870,1074,-0.00155521602222063
"1583",13877,1034,0.856177766177038
"1584",13877,1000,0.00640057286943491
"1585",13881,1026,0.0961740771355789
"1586",13881,1038,0.0451987907210927
"1587",13881,1041,-0.00474658576199471
"1588",13881,1067,-0.00474658576199471
"1589",13887,1004,0.0988599215446507
"1590",13888,1032,0.00948246362968611
"1591",13888,1026,0.00948246362968611
"1592",13892,1032,-0.0181879315138371
"1593",13902,1004,0.432276903336552
"1594",13921,1003,-0.00300751767452893
"1595",13921,1001,0.0457673421319231
"1596",13921,1009,0.749793929794459
"1597",13921,1018,0.0927679730842287
"1598",13921,1000,-0.00300751767452893
"1599",13921,1037,0.595422333697593
"1600",13921,1035,0.0439931132777767
"1601",13946,1034,0.0473559324633687
"1602",13946,1008,0.293189033870006
"1603",13946,1009,0.996854736120425
"1604",13946,1035,0.302542366554175
"1605",13946,1194,-0.00314526387957609
"1606",13949,1034,0.949058375687689
"1607",13949,1001,0.249529117666806
"1608",13949,1002,-0.00412257478552475
"1609",13949,1018,0.199210654598887
"1610",13949,1000,-0.00412257478552475
"1611",13949,1046,0.0465605330535236
"1612",13949,1035,-0.00412257478552475
"1613",13949,1020,0.04716512430802
"1614",13950,1034,0.0551314949032406
"1615",13950,1008,0.214273182834457
"1616",13959,1008,1.00518976320437
"1617",13959,1001,0.00518976320436577
"1618",13959,1007,0.102444503801248
"1619",13959,1050,0.00518976320436577
"1620",13959,1220,0.00518976320436577
"1621",13960,1004,0.942147470774692
"1622",13960,1034,0.233596830821773
"1623",13960,1008,0.331292247389952
"1624",13960,1017,0.994909025958134
"1625",13960,1009,0.145365997709755
"1626",13960,1058,0.946061317674044
"1627",13960,1018,0.994909025958134
"1628",13960,1070,-0.00509097404186602
"1629",13960,1158,-0.00509097404186602
"1630",13960,1037,-0.00509097404186602
"1631",13960,1035,0.0437567342422235
"1632",13960,1095,-0.00509097404186602
"1633",13974,1004,0.80584420233564
"1634",13974,1034,0.105016103960593
"1635",13974,1008,0.453563718011036
"1636",13974,1017,0.506164564669588
"1637",13980,1017,0.0958723417931585
"1638",13980,1009,0.0941675775021978
"1639",13980,1037,0.042186018305389
"1640",13983,1018,0.335361892499215
"1641",13983,1000,-0.0079148233849624
"1642",13983,1054,-0.0079148233849624
"1643",13983,1014,-0.0079148233849624
"1644",13983,1130,-0.0079148233849624
"1645",13983,1134,0.0417896541686756
"1646",13983,1123,0.0410229581719319
"1647",13990,1026,-0.00987638911872505
"1648",13990,1025,-0.00987638911872505
"1649",13990,1041,-0.00987638911872505
"1650",13992,1034,0.915248118216129
"1651",13995,1017,0.96251475402003
"1652",13995,1040,0.0114099496857117
"1653",13995,1020,0.0647700951141197
"1654",13995,1067,0.0114099496857117
"1655",13999,1018,0.849032041466068
"1656",13999,1118,-0.006175591107187
"1657",14000,1017,0.241386494343106
"1658",14000,1040,0.0455953734788269
"1659",14017,1034,-0.00223188546865304
"1660",14017,1008,0.997768114531347
"1661",14056,1008,0.0997609504871782
"1662",14056,1018,0.997504229016089
"1663",14056,1123,-0.00249577098391043
"1664",14061,1008,0.500957008883599
"1665",14061,1052,-0.0075076419269802
"1666",14063,1034,0.188710177984379
"1667",14067,1004,0.192996128505031
"1668",14069,1003,1.00918735700333
"1669",14069,1001,1.00918735700333
"1670",14069,1009,0.0582512196484832
"1671",14090,1026,0.00900310761701098
"1672",14090,1038,0.00900310761701098
"1673",14090,1007,0.00900310761701098
"1674",14090,1053,0.00900310761701098
"1675",14091,1034,0.247625506578367
"1676",14091,1008,0.894656570319479
"1677",14091,1009,0.0913936564087611
"1678",14091,1295,-0.0105836403834119
"1679",14091,1074,-0.0105836403834119
"1680",14101,1004,0.91044330886402
"1681",14106,1034,0.102071798927685
"1682",14106,1026,-0.00152049868385543
"1683",14117,1004,0.278869501443231
"1684",14126,1004,0.0739445003731092
"1685",14126,1034,0.366625174468496
"1686",14126,1041,0.0728480000581808
"1687",14134,1034,0.754445327891058
"1688",14134,1008,0.864117907351733
"1689",14134,1017,0.151875279973379
"1690",14136,1034,0.717765176081295
"1691",14136,1008,1.01064223939086
"1692",14138,1003,0.0900253974151304
"1693",14138,1001,0.187039316466886
"1694",14138,1076,-0.00585029231571788
"1695",14138,1078,-0.00585029231571788
"1696",14142,1022,0.0034984446507586
"1697",14149,1034,0.051572869435832
"1698",14149,1008,0.0476563781196099
"1699",14156,1034,0.988881051761984
"1700",14156,1046,0.131593919236844
"1701",14177,1017,0.0450740173010727
"1702",14177,1018,0.997728347345498
"1703",14177,1000,0.0450740173010727
"1704",14177,1014,-0.00227165265450205
"1705",14177,1164,-0.00227165265450205
"1706",14181,1004,0.949410287981556
"1707",14181,1008,0.90260688432319
"1708",14181,1003,0.352175680762288
"1709",14181,1001,0.297536140403235
"1710",14181,1018,0.99886230059129
"1711",14181,1078,0.59002929981902
"1712",14181,1118,0.321758076381944
"1713",14189,1004,0.27114878470793
"1714",14196,1017,0.247552894295412
"1715",14196,1003,0.641249895135389
"1716",14196,1001,0.997589429677439
"1717",14196,1018,0.997589429677439
"1718",14196,1076,-0.00241057032256117
"1719",14196,1014,0.0490755867248109
"1720",14196,1088,-0.00241057032256117
"1721",14196,1089,-0.00241057032256117
"1722",14197,1034,0.458814129205737
"1723",14197,1008,0.402498335377892
"1724",14204,1034,0.999130811698189
"1725",14204,1008,0.999130811698189
"1726",14211,1004,0.906756765609439
"1727",14211,1034,0.101667491957086
"1728",14211,1008,0.952226511331491
"1729",14211,1003,0.200198800905859
"1730",14211,1001,0.48998439930064
"1731",14211,1076,0.00313618300831228
"1732",14222,1008,0.854325973093269
"1733",14222,1009,3.49241905587966e-05
"1734",14222,1018,0.202309892672251
"1735",14222,1052,3.49241905587966e-05
"1736",14222,1035,0.0466267490398673
"1737",14226,1034,0.997691234133311
"1738",14226,1018,0.951593706695759
"1739",14240,1003,0.0425107783632617
"1740",14243,1004,0.850610149455466
"1741",14243,1034,0.345069586103774
"1742",14243,1017,0.804593712602149
"1743",14243,1021,-0.000735215813056571
"1744",14250,1018,0.849207660167817
"1745",14254,1034,0.0148687239072771
"1746",14255,1123,-0.00465887494885678
"1747",14255,1116,-0.00465887494885678
"1748",14257,1004,0.912653839156128
"1749",14257,1001,0.265629925771462
"1750",14257,1018,0.814121863847477
"1751",14257,1085,0.00929026751043917
"1752",14257,1109,0.00929026751043917
"1753",14261,1034,0.813117192989482
"1754",14261,1008,0.961496202874371
"1755",14261,1036,0.00804551606449871
"1756",14261,1009,0.604856850565399
"1757",14279,1032,-0.00721114562764559
"1758",14285,1004,0.194803680620092
"1759",14296,1004,0.943079860301114
"1760",14296,1034,1.00047305754601
"1761",14296,1026,0.895687894951431
"1762",14296,1018,0.137130832258523
"1763",14296,1070,0.000473057546012012
"1764",14296,1025,0.955099751172717
"1765",14296,1038,0.0449296369690302
"1766",14296,1041,0.097322218266321
"1767",14296,1295,0.000473057546012012
"1768",14296,1148,0.000473057546012012
"1769",14296,1156,0.000473057546012012
"1770",14298,1004,0.912945172652768
"1771",14298,1008,1.00936420361001
"1772",14298,1017,0.106782422196798
"1773",14298,1058,0.0618480763519754
"1774",14298,1000,0.00936420361000803
"1775",14299,1004,0.310501736237492
"1776",14299,1003,0.0444464668764446
"1777",14299,1001,-0.00291202935522744
"1778",14299,1030,0.0444464668764446
"1779",14299,1076,-0.00291202935522744
"1780",14299,1124,-0.00291202935522744
"1781",14306,1034,0.298135009285873
"1782",14306,1008,0.14746704633935
"1783",14307,1010,0.00932565117666676
"1784",14308,1008,0.875792728602612
"1785",14308,1017,0.77188465765032
"1786",14315,1034,0.145647459325254
"1787",14315,1008,0.808732495586616
"1788",14315,1018,0.149352557641853
"1789",14315,1075,0.00212835825260637
"1790",14315,1046,0.00212835825260637
"1791",14315,1124,0.00212835825260637
"1792",14318,1026,0.050339152817889
"1793",14321,1008,0.121363862969671
"1794",14321,1045,-0.0202203666432912
"1795",14321,1041,0.186153334749313
"1796",14323,1004,0.0887644641389142
"1797",14323,1008,0.881392487840585
"1798",14323,1017,0.0859180350479227
"1799",14323,1009,0.134740587564682
"1800",14324,1004,0.193660707302138
"1801",14324,1008,0.947984758856693
"1802",14324,1017,0.190456260815577
"1803",14324,1009,0.945918973850061
"1804",14324,1037,0.243904208546532
"1805",14324,1014,0.251480234297515
"1806",14324,1031,0.0454249687138051
"1807",14324,1084,-0.00573726211601565
"1808",14334,1025,-0.00686898218799984
"1809",14334,1022,-0.00686898218799984
"1810",14343,1004,0.996774745154094
"1811",14343,1034,0.589168741783475
"1812",14343,1008,0.898237928638332
"1813",14344,1034,1.00608120679939
"1814",14344,1008,1.00608120679939
"1815",14344,1017,0.113215900439447
"1816",14380,1004,0.05
"1817",14380,1017,0.15
"1818",14380,1001,0.05
"1819",14380,1016,6.93889390390723e-18
"1820",14380,1015,6.93889390390723e-18
"1821",14380,1088,6.93889390390723e-18
"1822",14384,1004,0.29306018266199
"1823",14384,1020,0.149570684713172
"1824",14394,1004,0.905516576690503
"1825",14394,1001,0.0568493728301146
"1826",14394,1130,0.00442904694798361
"1827",14404,1130,0.0414727647758965
"1828",14406,1034,0.857337536780473
"1829",14407,1034,0.954545262572958
"1830",14407,1008,0.961453667710355
"1831",14418,1136,0.00433545532093076
"1832",14422,1004,0.196324995226099
"1833",14422,1034,0.800932620612992
"1834",14434,1004,0.388150449243992
"1835",14434,1003,0.0418494779477963
"1836",14435,1001,1.00837524773355
"1837",14435,1049,0.105141460720061
"1838",14436,1008,0.996341459076744
"1839",14436,1017,0.996341459076744
"1840",14436,1003,-0.00365854092325587
"1841",14436,1001,0.0444063046383685
"1842",14436,1009,0.996341459076744
"1843",14436,1058,-0.00365854092325587
"1844",14436,1018,0.292624651315121
"1845",14436,1055,-0.00365854092325587
"1846",14436,1035,0.188792717717151
"1847",14436,1102,-0.00365854092325587
"1848",14436,1095,-0.00365854092325587
"1849",14440,1034,0.855852681867347
"1850",14442,1026,-0.00347590418707286
"1851",14458,1008,1.01011170396544
"1852",14458,1045,0.0101117039654386
"1853",14460,1017,1.00005511868232
"1854",14460,1003,0.196111281801694
"1855",14460,1001,1.00005511868232
"1856",14460,1009,0.947493703296624
"1857",14460,1018,1.00005511868232
"1858",14460,1037,0.951392703845748
"1859",14460,1035,0.947493703296624
"1860",14480,1017,0.059854286842872
"1861",14480,1009,0.153329070030509
"1862",14480,1037,0.00937213420295793
"1863",14485,1026,0.0165922657096657
"1864",14485,1053,0.0165922657096657
"1865",14505,1004,1.00479883892592
"1866",14505,1034,0.0527045284371207
"1867",14505,1099,0.00479883892591652
"1868",14505,1118,0.00479883892591652
"1869",14505,1149,0.00479883892591652
"1870",14505,1143,0.00479883892591652
"1871",14505,1168,0.00479883892591652
"1872",14509,1034,0.247167695701492
"1873",14513,1034,0.175091145819858
"1874",14513,1008,0.828070914624286
"1875",14526,1004,0.127265959370393
"1876",14526,1034,0.454356507305136
"1877",14526,1008,0.588037015920297
"1878",14526,1003,0.0323248343057394
"1879",14526,1001,-0.0117374951797619
"1880",14526,1009,0.136576631900834
"1881",14526,1018,0.0391413003993905
"1882",14526,1037,0.0401904581103614
"1883",14526,1035,-0.0117374951797619
"1884",14526,1131,-0.0117374951797619
"1885",14526,1043,-0.0117374951797619
"1886",14538,1008,0.995675817645579
"1887",14538,1040,-0.00432418235442085
"1888",14538,1018,0.0423524967450357
"1889",14538,1000,0.0423524967450357
"1890",14538,1052,-0.00432418235442085
"1891",14538,1060,-0.00432418235442085
"1892",14538,1014,-0.00432418235442085
"1893",14560,1017,0.193143040570665
"1894",14560,1043,-0.000452217933512772
"1895",14567,1034,0.0534481360095479
"1896",14567,1007,0.00354624911137013
"1897",14583,1140,-0.0023974582157415
"1898",14600,1034,0.14069019504224
"1899",14601,1008,0.648730881461107
"1900",14605,1008,0.35
"1901",14605,1045,6.93889390390723e-18
"1902",14605,1017,0.05
"1903",14617,1034,0.00418673881166018
"1904",14617,1008,1.00418673881166
"1905",14622,1034,0.994214493002713
"1906",14622,1040,0.34127766853733
"1907",14622,1014,0.345575072147733
"1908",14622,1089,0.143028584313107
"1909",14627,1017,0.823588581610032
"1910",14627,1053,0.0833043561922189
"1911",14627,1020,0.0273427251886364
"1912",14627,1092,0.0767301297366694
"1913",14627,1185,0.0273427251886364
"1914",14634,1003,0.099791312305245
"1915",14634,1001,0.34143181303395
"1916",14634,1018,0.0468186913619431
"1917",14634,1035,0.0468186913619431
"1918",14634,1049,-0.00211531977612948
"1919",14654,1026,0.994251764048475
"1920",14654,1025,0.945948178901433
"1921",14654,1041,0.897668187036883
"1922",14681,1004,0.953044157549458
"1923",14681,1034,0.300250530729425
"1924",14681,1002,0.00603532258000245
"1925",14681,1084,0.00603532258000245
"1926",14681,1095,0.00603532258000245
"1927",14686,1004,0.949884927998632
"1928",14686,1003,0.66216469134008
"1929",14686,1001,0.902682429866047
"1930",14686,1083,-0.00291257386878202
"1931",14690,1034,0.279315831358878
"1932",14690,1008,0.787510548457721
"1933",14703,1026,0.0948077254466077
"1934",14713,1110,0.00733528034547476
"1935",14718,1127,0.00342504544436466
"1936",14730,1004,0.276406759257458
"1937",14730,1034,0.882414152321283
"1938",14730,1008,0.489872537216853
"1939",14738,1190,-0.00461096039121586
"1940",14738,1053,0.108028214879914
"1941",14744,1034,0.668906972865625
"1942",14744,1025,0.0130505740561331
"1943",14750,1040,-0.00247610722466454
"1944",14759,1034,0.145053186491528
"1945",14759,1008,0.895993961402868
"1946",14761,1009,0.0757791582348231
"1947",14764,1034,0.0040940722313831
"1948",14793,1004,0.809687264587324
"1949",14793,1008,0.853464286611551
"1950",14793,1027,0.00767385321353747
"1951",14793,1026,0.00767385321353747
"1952",14793,1017,0.150444169550871
"1953",14793,1003,0.857277370033102
"1954",14793,1001,1.00767385321354
"1955",14793,1009,0.104229574611431
"1956",14793,1070,0.00767385321353747
"1957",14793,1038,0.00767385321353747
"1958",14793,1041,0.00767385321353747
"1959",14793,1030,0.00767385321353747
"1960",14793,1063,0.00767385321353747
"1961",14793,1072,0.00767385321353747
"1962",14793,1024,0.00767385321353747
"1963",14793,1101,0.00767385321353747
"1964",14793,1162,0.00767385321353747
"1965",14808,1034,0.098209478019907
"1966",14808,1008,0.098209478019907
"1967",14808,1045,-0.00569441424813324
"1968",14808,1027,-0.00569441424813324
"1969",14808,1026,-0.00569441424813324
"1970",14808,1041,-0.00569441424813324
"1971",14808,1113,-0.00569441424813324
"1972",14810,1032,-0.00932265948468725
"1973",14817,1000,0.109496490862671
"1974",14817,1114,0.0142130615587588
"1975",14825,1059,0.0429415228880419
"1976",14830,1008,0.520262191442799
"1977",14830,1045,0.0207135775243715
"1978",14830,1017,0.0689187734579631
"1979",14840,1017,0.243704883740046
"1980",14840,1003,0.587667299616735
"1981",14840,1001,0.795672341075234
"1982",14840,1036,-0.00625622238659405
"1983",14840,1040,-0.00625622238659405
"1984",14840,1018,0.342639051313435
"1985",14840,1000,0.0493548544917705
"1986",14840,1295,-0.00625622238659405
"1987",14840,1054,-0.00625622238659405
"1988",14840,1014,-0.00625622238659405
"1989",14840,1031,0.0452296303573924
"1990",14840,1134,-0.00625622238659405
"1991",14840,1085,-0.00625622238659405
"1992",14843,1003,0.0462400413103282
"1993",14843,1001,0.0436600768306548
"1994",14843,1018,-0.00403529560070337
"1995",14843,1035,-0.00403529560070337
"1996",14848,1004,0.991679406136526
"1997",14848,1017,0.329406849557123
"1998",14848,1030,0.0435930554198288
"1999",14854,1008,0.951626005790059
"2000",14880,1004,0.851338041890394
"2001",14883,1032,0.0891601797909321
"2002",14883,1018,0.3430877866921
"2003",14883,1075,0.0440451329560349
"2004",14883,1056,0.0440451329560349
"2005",14884,1034,-0.000566221617919534
"2006",14884,1008,0.147829346937235
"2007",14884,1017,0.901518096722805
"2008",14885,1026,0.089302174173737
"2009",14890,1034,0.294218565622054
"2010",14890,1018,0.0498232014200405
"2011",14897,1026,0.00395277918488288
"2012",14897,1036,0.00395277918488288
"2013",14897,1040,0.0519678108402311
"2014",14897,1041,0.0533556031110283
"2015",14897,1014,0.00395277918488288
"2016",14897,1244,0.00395277918488288
"2017",14908,1034,0.94650148811807
"2018",14908,1008,0.94195246907114
"2019",14908,1119,-0.00583741318203555
"2020",14914,1004,0.800622600326718
"2021",14929,1034,0.191636565452015
"2022",14929,1008,0.393328203007948
"2023",14929,1017,0.401164819132565
"2024",14929,1009,0.0431192339616952
"2025",14929,1018,0.0431192339616952
"2026",14929,1037,-0.00477619538149336
"2027",14930,1004,0.277122485214754
"2028",14930,1008,0.243637998460682
"2029",14930,1030,-0.00931493251675545
"2030",14930,1067,0.234773054458988
"2031",14937,1025,0.0970171119772233
"2032",14961,1004,0.939659040427105
"2033",14962,1034,0.746966995190936
"2034",14962,1008,1.00010978221816
"2035",14967,1034,0.438827388210482
"2036",14968,1004,0.297981898552047
"2037",14968,1034,-0.0030373159342189
"2038",14968,1017,0.802425558254294
"2039",14970,1004,0.701529149039158
"2040",14970,1008,0.955887074163124
"2041",14970,1026,0.461878336067218
"2042",14970,1017,0.0037668484630609
"2043",14970,1070,0.0037668484630609
"2044",14970,1125,0.0037668484630609
"2045",14970,1064,0.0037668484630609
"2046",14970,1067,0.0037668484630609
