"","user","attribute"
"1",10010,1032
"2",10010,1004
"3",10019,1034
"4",10021,1207
"5",10031,1008
"6",10035,1034
"7",10036,1004
"8",10036,1034
"9",10038,1034
"10",10038,1008
"11",10038,1045
"12",10038,1027
"13",10038,1026
"14",10039,1004
"15",10039,1017
"16",10039,1003
"17",10039,1001
"18",10039,1002
"19",10065,1034
"20",10068,1036
"21",10068,1077
"22",10068,1040
"23",10070,1008
"24",10070,1017
"25",10070,1009
"26",10070,1058
"27",10070,1018
"28",10070,1042
"29",10070,1021
"30",10077,1004
"31",10077,1034
"32",10077,1008
"33",10085,1003
"34",10085,1001
"35",10085,1018
"36",10085,1184
"37",10117,1034
"38",10127,1034
"39",10132,1070
"40",10133,1034
"41",10133,1008
"42",10133,1027
"43",10133,1026
"44",10133,1042
"45",10133,1070
"46",10133,1190
"47",10133,1000
"48",10133,1025
"49",10133,1125
"50",10133,1038
"51",10133,1041
"52",10134,1008
"53",10134,1018
"54",10134,1052
"55",10134,1060
"56",10141,1061
"57",10147,1007
"58",10152,1004
"59",10156,1026
"60",10156,1038
"61",10156,1069
"62",10162,1069
"63",10166,1004
"64",10166,1030
"65",10185,1004
"66",10186,1004
"67",10186,1017
"68",10190,1027
"69",10190,1026
"70",10190,1070
"71",10190,1025
"72",10190,1038
"73",10190,1041
"74",10190,1022
"75",10196,1008
"76",10196,1009
"77",10196,1158
"78",10197,1034
"79",10198,1004
"80",10198,1003
"81",10198,1007
"82",10205,1004
"83",10205,1063
"84",10208,1017
"85",10208,1002
"86",10208,1055
"87",10216,1165
"88",10218,1004
"89",10218,1295
"90",10219,1008
"91",10219,1119
"92",10219,1241
"93",10224,1008
"94",10224,1003
"95",10224,1018
"96",10224,1076
"97",10241,1034
"98",10241,1017
"99",10241,1009
"100",10241,1037
"101",10241,1054
"102",10244,1026
"103",10244,1038
"104",10244,1053
"105",10252,1001
"106",10252,1018
"107",10252,1151
"108",10269,1034
"109",10269,1008
"110",10269,1026
"111",10272,1029
"112",10281,1026
"113",10281,1025
"114",10284,1026
"115",10284,1025
"116",10284,1075
"117",10286,1032
"118",10286,1004
"119",10286,1001
"120",10286,1025
"121",10286,1056
"122",10286,1046
"123",10290,1017
"124",10290,1053
"125",10290,1010
"126",10301,1026
"127",10301,1018
"128",10301,1070
"129",10301,1038
"130",10301,1041
"131",10301,1124
"132",10301,1148
"133",10301,1072
"134",10301,1214
"135",10303,1017
"136",10303,1001
"137",10303,1009
"138",10303,1037
"139",10306,1029
"140",10309,1008
"141",10319,1003
"142",10319,1001
"143",10319,1009
"144",10319,1018
"145",10319,1078
"146",10319,1035
"147",10319,1100
"148",10319,1083
"149",10321,1003
"150",10321,1001
"151",10321,1018
"152",10321,1076
"153",10321,1078
"154",10321,1114
"155",10327,1041
"156",10335,1026
"157",10335,1075
"158",10335,1155
"159",10341,1034
"160",10341,1018
"161",10341,1070
"162",10348,1004
"163",10348,1008
"164",10348,1026
"165",10348,1017
"166",10348,1127
"167",10362,1004
"168",10362,1150
"169",10362,1156
"170",10365,1004
"171",10375,1004
"172",10375,1041
"173",10375,1064
"174",10375,1098
"175",10375,1020
"176",10375,1028
"177",10381,1054
"178",10387,1004
"179",10387,1000
"180",10389,1017
"181",10389,1030
"182",10408,1008
"183",10408,1026
"184",10408,1000
"185",10408,1038
"186",10408,1041
"187",10408,1124
"188",10408,1014
"189",10408,1039
"190",10409,1004
"191",10409,1001
"192",10414,1004
"193",10433,1008
"194",10433,1026
"195",10433,1009
"196",10433,1058
"197",10433,1038
"198",10433,1041
"199",10433,1039
"200",10433,1051
"201",10433,1024
"202",10433,1177
"203",10434,1017
"204",10434,1040
"205",10434,1060
"206",10434,1007
"207",10434,1166
"208",10446,1003
"209",10446,1001
"210",10446,1100
"211",10446,1160
"212",10446,1193
"213",10452,1004
"214",10452,1040
"215",10452,1031
"216",10454,1004
"217",10454,1018
"218",10457,1026
"219",10457,1025
"220",10459,1004
"221",10459,1034
"222",10462,1004
"223",10466,1008
"224",10466,1127
"225",10471,1034
"226",10473,1034
"227",10473,1026
"228",10473,1017
"229",10473,1009
"230",10473,1025
"231",10473,1125
"232",10473,1041
"233",10473,1007
"234",10473,1020
"235",10473,1065
"236",10473,1104
"237",10473,1073
"238",10473,1074
"239",10479,1003
"240",10479,1001
"241",10500,1008
"242",10504,1001
"243",10504,1164
"244",10504,1191
"245",10506,1003
"246",10506,1001
"247",10506,1009
"248",10506,1035
"249",10522,1034
"250",10522,1008
"251",10522,1009
"252",10522,1099
"253",10523,1008
"254",10560,1034
"255",10564,1007
"256",10564,1073
"257",10572,1034
"258",10572,1008
"259",10572,1030
"260",10572,1164
"261",10573,1004
"262",10573,1034
"263",10573,1008
"264",10573,1045
"265",10597,1004
"266",10597,1003
"267",10597,1001
"268",10597,1035
"269",10597,1096
"270",10598,1034
"271",10598,1008
"272",10598,1003
"273",10598,1001
"274",10598,1018
"275",10598,1046
"276",10598,1049
"277",10607,1001
"278",10607,1000
"279",10635,1008
"280",10639,1100
"281",10648,1004
"282",10648,1034
"283",10648,1008
"284",10648,1017
"285",10648,1001
"286",10648,1009
"287",10648,1130
"288",10649,1034
"289",10653,1034
"290",10653,1008
"291",10653,1007
"292",10659,1004
"293",10660,1034
"294",10662,1026
"295",10662,1070
"296",10662,1025
"297",10662,1041
"298",10668,1017
"299",10668,1096
"300",10668,1118
"301",10669,1034
"302",10669,1008
"303",10671,1004
"304",10671,1008
"305",10671,1017
"306",10671,1018
"307",10671,1118
"308",10671,1093
"309",10678,1008
"310",10678,1017
"311",10678,1002
"312",10678,1009
"313",10678,1018
"314",10678,1037
"315",10678,1035
"316",10680,1032
"317",10680,1034
"318",10680,1008
"319",10680,1017
"320",10686,1004
"321",10686,1001
"322",10686,1036
"323",10699,1009
"324",10699,1020
"325",10699,1092
"326",10702,1008
"327",10702,1017
"328",10702,1003
"329",10702,1001
"330",10702,1009
"331",10702,1018
"332",10702,1052
"333",10702,1060
"334",10702,1022
"335",10702,1035
"336",10702,1016
"337",10702,1019
"338",10702,1057
"339",10706,1008
"340",10706,1045
"341",10706,1017
"342",10718,1008
"343",10718,1009
"344",10742,1034
"345",10742,1008
"346",10742,1018
"347",10742,1070
"348",10742,1064
"349",10744,1034
"350",10744,1059
"351",10752,1004
"352",10752,1017
"353",10752,1096
"354",10752,1082
"355",10752,1062
"356",10788,1004
"357",10788,1008
"358",10788,1017
"359",10788,1065
"360",10790,1017
"361",10790,1010
"362",10790,1068
"363",10791,1034
"364",10793,1004
"365",10797,1004
"366",10797,1187
"367",10810,1017
"368",10810,1001
"369",10810,1015
"370",10817,1041
"371",10818,1004
"372",10821,1004
"373",10821,1008
"374",10821,1036
"375",10821,1058
"376",10833,1004
"377",10835,1032
"378",10835,1034
"379",10835,1008
"380",10835,1045
"381",10835,1017
"382",10835,1036
"383",10835,1040
"384",10835,1025
"385",10835,1061
"386",10835,1056
"387",10835,1096
"388",10842,1034
"389",10844,1008
"390",10844,1003
"391",10844,1018
"392",10844,1035
"393",10846,1058
"394",10846,1018
"395",10849,1008
"396",10849,1009
"397",10861,1017
"398",10861,1052
"399",10861,1016
"400",10861,1059
"401",10865,1004
"402",10865,1034
"403",10865,1006
"404",10879,1017
"405",10879,1003
"406",10879,1058
"407",10879,1018
"408",10879,1000
"409",10879,1295
"410",10879,1074
"411",10879,1164
"412",10879,1096
"413",10893,1003
"414",10893,1001
"415",10893,1076
"416",10896,1164
"417",10896,1096
"418",10896,1134
"419",10897,1017
"420",10897,1003
"421",10897,1018
"422",10897,1041
"423",10897,1052
"424",10897,1022
"425",10897,1031
"426",10902,1004
"427",10909,1034
"428",10909,1009
"429",10909,1113
"430",10916,1018
"431",10916,1075
"432",10922,1034
"433",10922,1008
"434",10922,1046
"435",10933,1004
"436",10933,1034
"437",10933,1008
"438",10933,1003
"439",10933,1018
"440",10933,1035
"441",10933,1016
"442",10943,1008
"443",10943,1026
"444",10943,1084
"445",10943,1087
"446",10951,1004
"447",10956,1034
"448",10960,1034
"449",10960,1008
"450",10960,1017
"451",10960,1009
"452",10960,1042
"453",10960,1069
"454",10960,1030
"455",10960,1076
"456",10960,1037
"457",10960,1074
"458",10960,1108
"459",10960,1159
"460",10960,1169
"461",10960,1154
"462",10984,1034
"463",10984,1008
"464",10991,1034
"465",10991,1008
"466",10991,1026
"467",11002,1004
"468",11002,1008
"469",11002,1025
"470",11002,1125
"471",11002,1041
"472",11002,1020
"473",11002,1066
"474",11008,1032
"475",11008,1008
"476",11008,1017
"477",11008,1009
"478",11008,1018
"479",11008,1030
"480",11016,1000
"481",11016,1055
"482",11016,1075
"483",11016,1186
"484",11016,1102
"485",11018,1001
"486",11018,1009
"487",11018,1018
"488",11018,1035
"489",11018,1137
"490",11022,1004
"491",11022,1008
"492",11022,1058
"493",11022,1170
"494",11027,1009
"495",11029,1017
"496",11029,1003
"497",11029,1001
"498",11029,1036
"499",11029,1077
"500",11029,1009
"501",11029,1018
"502",11029,1000
"503",11029,1037
"504",11029,1014
"505",11029,1088
"506",11032,1025
"507",11044,1009
"508",11049,1034
"509",11049,1008
"510",11056,1070
"511",11056,1041
"512",11056,1065
"513",11070,1004
"514",11074,1000
"515",11074,1119
"516",11074,1137
"517",11083,1032
"518",11083,1008
"519",11083,1055
"520",11087,1034
"521",11090,1070
"522",11090,1025
"523",11090,1125
"524",11106,1067
"525",11107,1034
"526",11107,1008
"527",11107,1026
"528",11107,1025
"529",11107,1041
"530",11107,1022
"531",11128,1001
"532",11128,1295
"533",11128,1100
"534",11132,1009
"535",11132,1018
"536",11132,1035
"537",11136,1009
"538",11140,1044
"539",11142,1008
"540",11142,1003
"541",11142,1001
"542",11142,1018
"543",11142,1035
"544",11142,1044
"545",11142,1246
"546",11143,1058
"547",11143,1112
"548",11159,1040
"549",11159,1130
"550",11166,1027
"551",11169,1004
"552",11169,1295
"553",11169,1100
"554",11174,1004
"555",11174,1034
"556",11174,1008
"557",11174,1003
"558",11174,1001
"559",11174,1018
"560",11174,1046
"561",11179,1004
"562",11181,1030
"563",11183,1004
"564",11183,1017
"565",11183,1003
"566",11183,1009
"567",11183,1018
"568",11183,1000
"569",11183,1037
"570",11191,1004
"571",11191,1002
"572",11191,1055
"573",11196,1004
"574",11196,1008
"575",11196,1040
"576",11196,1009
"577",11196,1018
"578",11196,1035
"579",11209,1017
"580",11209,1088
"581",11220,1008
"582",11220,1007
"583",11235,1017
"584",11235,1001
"585",11235,1114
"586",11243,1017
"587",11243,1009
"588",11243,1030
"589",11243,1074
"590",11249,1017
"591",11249,1040
"592",11249,1057
"593",11252,1034
"594",11252,1026
"595",11252,1025
"596",11254,1025
"597",11256,1004
"598",11256,1034
"599",11256,1008
"600",11256,1009
"601",11256,1018
"602",11256,1056
"603",11256,1035
"604",11263,1017
"605",11263,1009
"606",11263,1010
"607",11284,1026
"608",11284,1038
"609",11292,1017
"610",11292,1040
"611",11292,1062
"612",11297,1004
"613",11297,1026
"614",11297,1025
"615",11311,1004
"616",11311,1017
"617",11311,1003
"618",11311,1052
"619",11311,1060
"620",11311,1020
"621",11311,1135
"622",11319,1004
"623",11319,1017
"624",11319,1003
"625",11319,1001
"626",11319,1018
"627",11319,1054
"628",11319,1085
"629",11320,1034
"630",11320,1008
"631",11323,1008
"632",11323,1017
"633",11323,1018
"634",11323,1010
"635",11323,1108
"636",11323,1154
"637",11331,1032
"638",11331,1004
"639",11331,1034
"640",11331,1008
"641",11331,1017
"642",11331,1001
"643",11331,1041
"644",11331,1052
"645",11331,1020
"646",11331,1068
"647",11332,1004
"648",11359,1001
"649",11359,1035
"650",11367,1026
"651",11367,1025
"652",11367,1038
"653",11367,1041
"654",11367,1065
"655",11376,1004
"656",11379,1004
"657",11407,1034
"658",11407,1008
"659",11411,1030
"660",11413,1004
"661",11413,1008
"662",11429,1034
"663",11430,1034
"664",11430,1018
"665",11430,1035
"666",11431,1034
"667",11431,1008
"668",11440,1034
"669",11440,1008
"670",11444,1034
"671",11444,1017
"672",11444,1009
"673",11444,1018
"674",11444,1000
"675",11444,1014
"676",11444,1074
"677",11444,1096
"678",11444,1088
"679",11447,1008
"680",11447,1009
"681",11451,1003
"682",11451,1001
"683",11451,1083
"684",11452,1008
"685",11452,1045
"686",11453,1004
"687",11453,1020
"688",11458,1004
"689",11467,1034
"690",11467,1008
"691",11467,1009
"692",11467,1037
"693",11482,1034
"694",11482,1008
"695",11482,1017
"696",11482,1060
"697",11482,1099
"698",11501,1026
"699",11501,1025
"700",11502,1008
"701",11502,1051
"702",11502,1031
"703",11503,1017
"704",11503,1040
"705",11503,1016
"706",11503,1057
"707",11503,1015
"708",11508,1017
"709",11508,1001
"710",11508,1018
"711",11508,1030
"712",11508,1078
"713",11519,1004
"714",11519,1008
"715",11520,1034
"716",11520,1008
"717",11520,1017
"718",11520,1018
"719",11520,1000
"720",11520,1029
"721",11520,1014
"722",11520,1031
"723",11520,1218
"724",11520,1048
"725",11521,1018
"726",11523,1002
"727",11523,1055
"728",11526,1004
"729",11528,1032
"730",11535,1034
"731",11535,1008
"732",11535,1023
"733",11539,1008
"734",11539,1009
"735",11540,1017
"736",11540,1058
"737",11541,1034
"738",11544,1034
"739",11544,1008
"740",11544,1018
"741",11544,1052
"742",11544,1060
"743",11544,1031
"744",11544,1016
"745",11550,1146
"746",11555,1034
"747",11558,1026
"748",11558,1025
"749",11577,1034
"750",11577,1008
"751",11584,1009
"752",11592,1004
"753",11599,1008
"754",11599,1052
"755",11599,1022
"756",11600,1000
"757",11600,1014
"758",11601,1004
"759",11601,1009
"760",11604,1017
"761",11604,1037
"762",11607,1036
"763",11608,1017
"764",11608,1002
"765",11611,1032
"766",11611,1008
"767",11611,1056
"768",11613,1008
"769",11613,1027
"770",11613,1018
"771",11613,1041
"772",11613,1020
"773",11615,1004
"774",11631,1004
"775",11631,1067
"776",11640,1007
"777",11644,1008
"778",11644,1026
"779",11644,1017
"780",11644,1018
"781",11644,1025
"782",11644,1038
"783",11644,1052
"784",11644,1010
"785",11644,1071
"786",11648,1003
"787",11648,1001
"788",11648,1018
"789",11648,1035
"790",11652,1008
"791",11652,1007
"792",11663,1004
"793",11663,1034
"794",11663,1008
"795",11663,1003
"796",11663,1000
"797",11674,1034
"798",11674,1008
"799",11674,1007
"800",11674,1153
"801",11678,1034
"802",11678,1008
"803",11689,1195
"804",11692,1026
"805",11692,1025
"806",11692,1005
"807",11696,1004
"808",11696,1003
"809",11696,1001
"810",11696,1000
"811",11696,1049
"812",11696,1146
"813",11696,1013
"814",11705,1038
"815",11705,1064
"816",11711,1004
"817",11711,1034
"818",11711,1008
"819",11711,1003
"820",11711,1040
"821",11711,1009
"822",11711,1018
"823",11711,1030
"824",11711,1037
"825",11711,1054
"826",11711,1035
"827",11723,1034
"828",11723,1008
"829",11733,1032
"830",11737,1004
"831",11737,1008
"832",11737,1003
"833",11737,1018
"834",11737,1118
"835",11743,1034
"836",11743,1008
"837",11753,1025
"838",11766,1004
"839",11766,1008
"840",11772,1008
"841",11772,1009
"842",11778,1017
"843",11778,1001
"844",11778,1058
"845",11778,1000
"846",11779,1034
"847",11780,1025
"848",11780,1105
"849",11784,1034
"850",11784,1008
"851",11793,1007
"852",11793,1059
"853",11802,1026
"854",11803,1004
"855",11803,1006
"856",11811,1017
"857",11811,1018
"858",11811,1030
"859",11811,1078
"860",11856,1004
"861",11860,1026
"862",11860,1025
"863",11870,1008
"864",11870,1026
"865",11870,1025
"866",11870,1007
"867",11875,1004
"868",11875,1034
"869",11875,1008
"870",11879,1001
"871",11885,1034
"872",11885,1008
"873",11888,1034
"874",11888,1008
"875",11888,1018
"876",11888,1127
"877",11899,1034
"878",11899,1008
"879",11899,1045
"880",11899,1046
"881",11901,1004
"882",11904,1004
"883",11904,1034
"884",11905,1004
"885",11908,1004
"886",11917,1008
"887",11921,1034
"888",11921,1008
"889",11926,1003
"890",11926,1076
"891",11926,1078
"892",11926,1230
"893",11947,1004
"894",11950,1003
"895",11950,1001
"896",11957,1008
"897",11957,1017
"898",11957,1052
"899",11961,1004
"900",11964,1009
"901",11964,1037
"902",11967,1004
"903",11967,1003
"904",11967,1009
"905",11975,1119
"906",11983,1008
"907",11992,1017
"908",11992,1011
"909",11992,1203
"910",11994,1034
"911",11994,1017
"912",11994,1156
"913",12001,1034
"914",12009,1183
"915",12011,1034
"916",12011,1183
"917",12022,1026
"918",12022,1001
"919",12022,1025
"920",12023,1004
"921",12023,1017
"922",12023,1003
"923",12023,1001
"924",12023,1036
"925",12023,1040
"926",12023,1044
"927",12023,1205
"928",12026,1004
"929",12026,1003
"930",12026,1001
"931",12026,1018
"932",12028,1026
"933",12028,1025
"934",12040,1001
"935",12053,1026
"936",12053,1070
"937",12053,1025
"938",12053,1059
"939",12059,1034
"940",12076,1034
"941",12076,1008
"942",12076,1007
"943",12076,1080
"944",12081,1004
"945",12081,1023
"946",12108,1041
"947",12115,1004
"948",12115,1008
"949",12115,1003
"950",12115,1001
"951",12115,1053
"952",12116,1034
"953",12116,1008
"954",12120,1032
"955",12143,1034
"956",12143,1001
"957",12143,1018
"958",12143,1035
"959",12147,1034
"960",12192,1004
"961",12192,1040
"962",12192,1295
"963",12192,1084
"964",12204,1030
"965",12204,1078
"966",12208,1034
"967",12208,1008
"968",12208,1017
"969",12223,1008
"970",12223,1045
"971",12246,1017
"972",12253,1008
"973",12253,1009
"974",12253,1018
"975",12253,1035
"976",12257,1025
"977",12261,1004
"978",12261,1130
"979",12269,1017
"980",12269,1010
"981",12269,1092
"982",12274,1036
"983",12274,1009
"984",12274,1037
"985",12281,1004
"986",12293,1183
"987",12306,1004
"988",12308,1032
"989",12308,1008
"990",12308,1009
"991",12308,1037
"992",12308,1203
"993",12313,1034
"994",12313,1008
"995",12313,1018
"996",12313,1136
"997",12315,1034
"998",12319,1034
"999",12324,1018
"1000",12324,1124
"1001",12324,1131
"1002",12325,1003
"1003",12325,1009
"1004",12325,1076
"1005",12325,1037
"1006",12325,1074
"1007",12327,1004
"1008",12337,1008
"1009",12337,1009
"1010",12337,1037
"1011",12343,1004
"1012",12343,1165
"1013",12343,1067
"1014",12357,1059
"1015",12359,1034
"1016",12365,1004
"1017",12365,1018
"1018",12365,1029
"1019",12365,1048
"1020",12365,1097
"1021",12371,1046
"1022",12392,1034
"1023",12392,1008
"1024",12392,1007
"1025",12392,1039
"1026",12393,1044
"1027",12404,1026
"1028",12404,1038
"1029",12421,1034
"1030",12421,1008
"1031",12421,1003
"1032",12421,1040
"1033",12421,1000
"1034",12421,1014
"1035",12421,1011
"1036",12425,1034
"1037",12431,1009
"1038",12432,1008
"1039",12437,1053
"1040",12441,1032
"1041",12441,1009
"1042",12460,1034
"1043",12460,1046
"1044",12461,1034
"1045",12462,1004
"1046",12462,1105
"1047",12477,1034
"1048",12477,1008
"1049",12477,1009
"1050",12477,1018
"1051",12483,1032
"1052",12483,1034
"1053",12483,1008
"1054",12483,1141
"1055",12512,1008
"1056",12512,1009
"1057",12512,1018
"1058",12512,1035
"1059",12513,1069
"1060",12514,1004
"1061",12514,1034
"1062",12514,1008
"1063",12514,1002
"1064",12514,1040
"1065",12514,1071
"1066",12518,1034
"1067",12518,1008
"1068",12518,1007
"1069",12518,1118
"1070",12518,1188
"1071",12523,1008
"1072",12523,1001
"1073",12523,1009
"1074",12523,1049
"1075",12523,1016
"1076",12533,1025
"1077",12537,1001
"1078",12537,1135
"1079",12539,1008
"1080",12566,1004
"1081",12566,1040
"1082",12566,1058
"1083",12566,1018
"1084",12566,1052
"1085",12566,1060
"1086",12571,1034
"1087",12576,1002
"1088",12579,1032
"1089",12579,1034
"1090",12579,1056
"1091",12583,1055
"1092",12583,1223
"1093",12590,1010
"1094",12596,1034
"1095",12596,1008
"1096",12597,1004
"1097",12599,1026
"1098",12599,1041
"1099",12599,1063
"1100",12599,1064
"1101",12602,1034
"1102",12602,1008
"1103",12602,1009
"1104",12602,1018
"1105",12602,1035
"1106",12618,1026
"1107",12618,1038
"1108",12618,1053
"1109",12635,1001
"1110",12641,1034
"1111",12666,1004
"1112",12666,1003
"1113",12666,1001
"1114",12666,1010
"1115",12666,1098
"1116",12666,1020
"1117",12678,1034
"1118",12678,1008
"1119",12678,1084
"1120",12678,1071
"1121",12679,1034
"1122",12679,1008
"1123",12684,1008
"1124",12684,1017
"1125",12684,1040
"1126",12684,1009
"1127",12684,1000
"1128",12684,1052
"1129",12684,1124
"1130",12684,1014
"1131",12684,1088
"1132",12690,1018
"1133",12690,1030
"1134",12690,1078
"1135",12714,1004
"1136",12714,1008
"1137",12714,1017
"1138",12714,1009
"1139",12726,1008
"1140",12726,1017
"1141",12726,1058
"1142",12726,1073
"1143",12732,1004
"1144",12732,1008
"1145",12732,1001
"1146",12732,1119
"1147",12732,1127
"1148",12746,1065
"1149",12763,1034
"1150",12763,1008
"1151",12763,1080
"1152",12769,1004
"1153",12784,1034
"1154",12784,1008
"1155",12787,1032
"1156",12791,1034
"1157",12791,1018
"1158",12792,1034
"1159",12792,1040
"1160",12802,1034
"1161",12802,1008
"1162",12811,1034
"1163",12811,1008
"1164",12811,1017
"1165",12811,1018
"1166",12811,1041
"1167",12811,1029
"1168",12811,1048
"1169",12815,1008
"1170",12819,1025
"1171",12831,1017
"1172",12831,1001
"1173",12831,1181
"1174",12840,1004
"1175",12840,1009
"1176",12840,1061
"1177",12840,1035
"1178",12840,1023
"1179",12846,1034
"1180",12846,1008
"1181",12847,1034
"1182",12848,1004
"1183",12848,1003
"1184",12848,1295
"1185",12856,1004
"1186",12863,1044
"1187",12868,1026
"1188",12868,1070
"1189",12868,1038
"1190",12868,1053
"1191",12868,1064
"1192",12868,1183
"1193",12872,1295
"1194",12875,1034
"1195",12875,1008
"1196",12875,1017
"1197",12875,1009
"1198",12875,1130
"1199",12875,1112
"1200",12875,1105
"1201",12897,1032
"1202",12897,1034
"1203",12897,1008
"1204",12905,1004
"1205",12905,1003
"1206",12905,1001
"1207",12905,1021
"1208",12905,1020
"1209",12905,1160
"1210",12905,1130
"1211",12905,1231
"1212",12922,1001
"1213",12922,1009
"1214",12922,1035
"1215",12922,1130
"1216",12933,1004
"1217",12933,1008
"1218",12933,1009
"1219",12949,1034
"1220",12982,1008
"1221",12985,1004
"1222",12985,1008
"1223",12985,1001
"1224",12985,1002
"1225",12985,1018
"1226",12985,1076
"1227",12985,1078
"1228",12986,1140
"1229",13006,1004
"1230",13015,1004
"1231",13015,1003
"1232",13015,1001
"1233",13040,1027
"1234",13040,1026
"1235",13040,1070
"1236",13040,1038
"1237",13040,1041
"1238",13042,1008
"1239",13043,1059
"1240",13044,1008
"1241",13044,1009
"1242",13044,1018
"1243",13044,1035
"1244",13051,1008
"1245",13051,1018
"1246",13053,1017
"1247",13053,1003
"1248",13053,1001
"1249",13053,1002
"1250",13053,1009
"1251",13053,1018
"1252",13053,1000
"1253",13053,1037
"1254",13053,1035
"1255",13053,1049
"1256",13066,1008
"1257",13066,1045
"1258",13066,1001
"1259",13066,1018
"1260",13066,1046
"1261",13071,1004
"1262",13071,1030
"1263",13071,1100
"1264",13071,1225
"1265",13074,1044
"1266",13077,1034
"1267",13077,1008
"1268",13085,1017
"1269",13085,1018
"1270",13085,1131
"1271",13089,1004
"1272",13089,1034
"1273",13089,1003
"1274",13089,1001
"1275",13089,1002
"1276",13089,1018
"1277",13097,1004
"1278",13098,1026
"1279",13098,1025
"1280",13099,1046
"1281",13104,1004
"1282",13104,1017
"1283",13104,1009
"1284",13104,1018
"1285",13104,1037
"1286",13104,1035
"1287",13104,1020
"1288",13105,1010
"1289",13105,1098
"1290",13105,1020
"1291",13105,1096
"1292",13105,1244
"1293",13109,1001
"1294",13109,1009
"1295",13109,1030
"1296",13109,1076
"1297",13109,1074
"1298",13129,1026
"1299",13135,1004
"1300",13135,1040
"1301",13146,1008
"1302",13150,1026
"1303",13150,1017
"1304",13150,1052
"1305",13150,1060
"1306",13150,1030
"1307",13150,1054
"1308",13150,1020
"1309",13150,1108
"1310",13156,1001
"1311",13156,1076
"1312",13159,1026
"1313",13159,1017
"1314",13159,1038
"1315",13164,1004
"1316",13169,1001
"1317",13174,1032
"1318",13174,1008
"1319",13174,1026
"1320",13174,1009
"1321",13174,1041
"1322",13174,1037
"1323",13174,1035
"1324",13174,1064
"1325",13176,1034
"1326",13176,1001
"1327",13176,1009
"1328",13176,1018
"1329",13176,1035
"1330",13179,1004
"1331",13179,1017
"1332",13179,1009
"1333",13179,1018
"1334",13179,1030
"1335",13179,1076
"1336",13179,1078
"1337",13179,1136
"1338",13180,1004
"1339",13184,1034
"1340",13184,1240
"1341",13188,1008
"1342",13188,1055
"1343",13198,1003
"1344",13205,1034
"1345",13205,1008
"1346",13207,1008
"1347",13207,1036
"1348",13207,1009
"1349",13207,1124
"1350",13212,1008
"1351",13212,1009
"1352",13216,1059
"1353",13218,1003
"1354",13235,1034
"1355",13235,1008
"1356",13235,1026
"1357",13235,1017
"1358",13235,1036
"1359",13235,1040
"1360",13235,1000
"1361",13235,1014
"1362",13235,1031
"1363",13235,1050
"1364",13248,1004
"1365",13248,1034
"1366",13248,1026
"1367",13248,1025
"1368",13257,1032
"1369",13257,1034
"1370",13257,1008
"1371",13265,1004
"1372",13265,1008
"1373",13265,1036
"1374",13265,1040
"1375",13265,1031
"1376",13266,1004
"1377",13292,1080
"1378",13294,1008
"1379",13294,1000
"1380",13294,1014
"1381",13294,1082
"1382",13294,1081
"1383",13322,1004
"1384",13322,1137
"1385",13325,1008
"1386",13325,1105
"1387",13331,1039
"1388",13338,1004
"1389",13338,1030
"1390",13340,1004
"1391",13340,1017
"1392",13340,1001
"1393",13340,1035
"1394",13355,1008
"1395",13355,1009
"1396",13355,1037
"1397",13365,1004
"1398",13365,1034
"1399",13365,1017
"1400",13375,1032
"1401",13375,1008
"1402",13375,1026
"1403",13375,1009
"1404",13375,1025
"1405",13375,1041
"1406",13375,1052
"1407",13375,1030
"1408",13375,1075
"1409",13377,1034
"1410",13381,1034
"1411",13381,1008
"1412",13381,1018
"1413",13381,1070
"1414",13381,1025
"1415",13381,1007
"1416",13381,1183
"1417",13382,1001
"1418",13382,1002
"1419",13382,1018
"1420",13382,1035
"1421",13388,1010
"1422",13395,1004
"1423",13404,1109
"1424",13407,1004
"1425",13407,1034
"1426",13407,1058
"1427",13412,1004
"1428",13412,1030
"1429",13416,1008
"1430",13416,1045
"1431",13426,1034
"1432",13426,1008
"1433",13427,1026
"1434",13444,1003
"1435",13445,1026
"1436",13445,1041
"1437",13451,1004
"1438",13451,1034
"1439",13451,1008
"1440",13451,1026
"1441",13451,1001
"1442",13451,1070
"1443",13451,1064
"1444",13451,1215
"1445",13457,1034
"1446",13468,1038
"1447",13468,1064
"1448",13478,1295
"1449",13478,1148
"1450",13486,1020
"1451",13492,1008
"1452",13492,1003
"1453",13492,1001
"1454",13492,1018
"1455",13506,1004
"1456",13512,1034
"1457",13512,1008
"1458",13512,1017
"1459",13512,1088
"1460",13523,1008
"1461",13523,1009
"1462",13523,1022
"1463",13523,1066
"1464",13539,1034
"1465",13539,1008
"1466",13541,1004
"1467",13541,1008
"1468",13541,1001
"1469",13543,1034
"1470",13543,1008
"1471",13546,1004
"1472",13556,1061
"1473",13577,1008
"1474",13577,1009
"1475",13591,1034
"1476",13591,1008
"1477",13591,1010
"1478",13591,1020
"1479",13604,1034
"1480",13604,1008
"1481",13604,1017
"1482",13604,1009
"1483",13604,1037
"1484",13613,1004
"1485",13618,1004
"1486",13618,1034
"1487",13618,1008
"1488",13618,1058
"1489",13624,1008
"1490",13636,1034
"1491",13636,1008
"1492",13643,1040
"1493",13643,1011
"1494",13646,1032
"1495",13646,1009
"1496",13646,1074
"1497",13672,1034
"1498",13677,1034
"1499",13677,1008
"1500",13677,1017
"1501",13677,1003
"1502",13677,1001
"1503",13677,1018
"1504",13677,1054
"1505",13677,1088
"1506",13677,1085
"1507",13677,1079
"1508",13690,1008
"1509",13696,1004
"1510",13696,1017
"1511",13696,1003
"1512",13696,1001
"1513",13696,1018
"1514",13696,1035
"1515",13696,1059
"1516",13708,1142
"1517",13711,1008
"1518",13711,1009
"1519",13711,1018
"1520",13711,1035
"1521",13713,1034
"1522",13713,1008
"1523",13713,1026
"1524",13713,1017
"1525",13713,1038
"1526",13713,1041
"1527",13713,1069
"1528",13713,1030
"1529",13713,1053
"1530",13713,1072
"1531",13713,1039
"1532",13713,1177
"1533",13713,1159
"1534",13713,1071
"1535",13713,1138
"1536",13713,1123
"1537",13725,1008
"1538",13725,1007
"1539",13768,1034
"1540",13768,1008
"1541",13768,1026
"1542",13768,1009
"1543",13768,1000
"1544",13768,1041
"1545",13768,1037
"1546",13768,1014
"1547",13768,1031
"1548",13768,1088
"1549",13788,1026
"1550",13788,1025
"1551",13800,1004
"1552",13800,1026
"1553",13800,1025
"1554",13800,1183
"1555",13800,1095
"1556",13813,1034
"1557",13813,1008
"1558",13816,1147
"1559",13825,1017
"1560",13832,1104
"1561",13835,1004
"1562",13835,1034
"1563",13839,1018
"1564",13839,1295
"1565",13839,1039
"1566",13839,1096
"1567",13841,1008
"1568",13841,1003
"1569",13841,1001
"1570",13841,1030
"1571",13841,1078
"1572",13841,1134
"1573",13849,1034
"1574",13853,1032
"1575",13853,1017
"1576",13853,1009
"1577",13853,1056
"1578",13870,1026
"1579",13870,1001
"1580",13870,1009
"1581",13870,1064
"1582",13870,1074
"1583",13877,1034
"1584",13877,1000
"1585",13881,1026
"1586",13881,1038
"1587",13881,1041
"1588",13881,1067
"1589",13887,1004
"1590",13888,1032
"1591",13888,1026
"1592",13892,1032
"1593",13902,1004
"1594",13921,1003
"1595",13921,1001
"1596",13921,1009
"1597",13921,1018
"1598",13921,1000
"1599",13921,1037
"1600",13921,1035
"1601",13946,1034
"1602",13946,1008
"1603",13946,1009
"1604",13946,1035
"1605",13946,1194
"1606",13949,1034
"1607",13949,1001
"1608",13949,1002
"1609",13949,1018
"1610",13949,1000
"1611",13949,1046
"1612",13949,1035
"1613",13949,1020
"1614",13950,1034
"1615",13950,1008
"1616",13959,1008
"1617",13959,1001
"1618",13959,1007
"1619",13959,1050
"1620",13959,1220
"1621",13960,1004
"1622",13960,1034
"1623",13960,1008
"1624",13960,1017
"1625",13960,1009
"1626",13960,1058
"1627",13960,1018
"1628",13960,1070
"1629",13960,1158
"1630",13960,1037
"1631",13960,1035
"1632",13960,1095
"1633",13974,1004
"1634",13974,1034
"1635",13974,1008
"1636",13974,1017
"1637",13980,1017
"1638",13980,1009
"1639",13980,1037
"1640",13983,1018
"1641",13983,1000
"1642",13983,1054
"1643",13983,1014
"1644",13983,1130
"1645",13983,1134
"1646",13983,1123
"1647",13990,1026
"1648",13990,1025
"1649",13990,1041
"1650",13992,1034
"1651",13995,1017
"1652",13995,1040
"1653",13995,1020
"1654",13995,1067
"1655",13999,1018
"1656",13999,1118
"1657",14000,1017
"1658",14000,1040
"1659",14017,1034
"1660",14017,1008
"1661",14056,1008
"1662",14056,1018
"1663",14056,1123
"1664",14061,1008
"1665",14061,1052
"1666",14063,1034
"1667",14067,1004
"1668",14069,1003
"1669",14069,1001
"1670",14069,1009
"1671",14090,1026
"1672",14090,1038
"1673",14090,1007
"1674",14090,1053
"1675",14091,1034
"1676",14091,1008
"1677",14091,1009
"1678",14091,1295
"1679",14091,1074
"1680",14101,1004
"1681",14106,1034
"1682",14106,1026
"1683",14117,1004
"1684",14126,1004
"1685",14126,1034
"1686",14126,1041
"1687",14134,1034
"1688",14134,1008
"1689",14134,1017
"1690",14136,1034
"1691",14136,1008
"1692",14138,1003
"1693",14138,1001
"1694",14138,1076
"1695",14138,1078
"1696",14142,1022
"1697",14149,1034
"1698",14149,1008
"1699",14156,1034
"1700",14156,1046
"1701",14177,1017
"1702",14177,1018
"1703",14177,1000
"1704",14177,1014
"1705",14177,1164
"1706",14181,1004
"1707",14181,1008
"1708",14181,1003
"1709",14181,1001
"1710",14181,1018
"1711",14181,1078
"1712",14181,1118
"1713",14189,1004
"1714",14196,1017
"1715",14196,1003
"1716",14196,1001
"1717",14196,1018
"1718",14196,1076
"1719",14196,1014
"1720",14196,1088
"1721",14196,1089
"1722",14197,1034
"1723",14197,1008
"1724",14204,1034
"1725",14204,1008
"1726",14211,1004
"1727",14211,1034
"1728",14211,1008
"1729",14211,1003
"1730",14211,1001
"1731",14211,1076
"1732",14222,1008
"1733",14222,1009
"1734",14222,1018
"1735",14222,1052
"1736",14222,1035
"1737",14226,1034
"1738",14226,1018
"1739",14240,1003
"1740",14243,1004
"1741",14243,1034
"1742",14243,1017
"1743",14243,1021
"1744",14250,1018
"1745",14254,1034
"1746",14255,1123
"1747",14255,1116
"1748",14257,1004
"1749",14257,1001
"1750",14257,1018
"1751",14257,1085
"1752",14257,1109
"1753",14261,1034
"1754",14261,1008
"1755",14261,1036
"1756",14261,1009
"1757",14279,1032
"1758",14285,1004
"1759",14296,1004
"1760",14296,1034
"1761",14296,1026
"1762",14296,1018
"1763",14296,1070
"1764",14296,1025
"1765",14296,1038
"1766",14296,1041
"1767",14296,1295
"1768",14296,1148
"1769",14296,1156
"1770",14298,1004
"1771",14298,1008
"1772",14298,1017
"1773",14298,1058
"1774",14298,1000
"1775",14299,1004
"1776",14299,1003
"1777",14299,1001
"1778",14299,1030
"1779",14299,1076
"1780",14299,1124
"1781",14306,1034
"1782",14306,1008
"1783",14307,1010
"1784",14308,1008
"1785",14308,1017
"1786",14315,1034
"1787",14315,1008
"1788",14315,1018
"1789",14315,1075
"1790",14315,1046
"1791",14315,1124
"1792",14318,1026
"1793",14321,1008
"1794",14321,1045
"1795",14321,1041
"1796",14323,1004
"1797",14323,1008
"1798",14323,1017
"1799",14323,1009
"1800",14324,1004
"1801",14324,1008
"1802",14324,1017
"1803",14324,1009
"1804",14324,1037
"1805",14324,1014
"1806",14324,1031
"1807",14324,1084
"1808",14334,1025
"1809",14334,1022
"1810",14343,1004
"1811",14343,1034
"1812",14343,1008
"1813",14344,1034
"1814",14344,1008
"1815",14344,1017
"1816",14380,1004
"1817",14380,1017
"1818",14380,1001
"1819",14380,1016
"1820",14380,1015
"1821",14380,1088
"1822",14384,1004
"1823",14384,1020
"1824",14394,1004
"1825",14394,1001
"1826",14394,1130
"1827",14404,1130
"1828",14406,1034
"1829",14407,1034
"1830",14407,1008
"1831",14418,1136
"1832",14422,1004
"1833",14422,1034
"1834",14434,1004
"1835",14434,1003
"1836",14435,1001
"1837",14435,1049
"1838",14436,1008
"1839",14436,1017
"1840",14436,1003
"1841",14436,1001
"1842",14436,1009
"1843",14436,1058
"1844",14436,1018
"1845",14436,1055
"1846",14436,1035
"1847",14436,1102
"1848",14436,1095
"1849",14440,1034
"1850",14442,1026
"1851",14458,1008
"1852",14458,1045
"1853",14460,1017
"1854",14460,1003
"1855",14460,1001
"1856",14460,1009
"1857",14460,1018
"1858",14460,1037
"1859",14460,1035
"1860",14480,1017
"1861",14480,1009
"1862",14480,1037
"1863",14485,1026
"1864",14485,1053
"1865",14505,1004
"1866",14505,1034
"1867",14505,1099
"1868",14505,1118
"1869",14505,1149
"1870",14505,1143
"1871",14505,1168
"1872",14509,1034
"1873",14513,1034
"1874",14513,1008
"1875",14526,1004
"1876",14526,1034
"1877",14526,1008
"1878",14526,1003
"1879",14526,1001
"1880",14526,1009
"1881",14526,1018
"1882",14526,1037
"1883",14526,1035
"1884",14526,1131
"1885",14526,1043
"1886",14538,1008
"1887",14538,1040
"1888",14538,1018
"1889",14538,1000
"1890",14538,1052
"1891",14538,1060
"1892",14538,1014
"1893",14560,1017
"1894",14560,1043
"1895",14567,1034
"1896",14567,1007
"1897",14583,1140
"1898",14600,1034
"1899",14601,1008
"1900",14605,1008
"1901",14605,1045
"1902",14605,1017
"1903",14617,1034
"1904",14617,1008
"1905",14622,1034
"1906",14622,1040
"1907",14622,1014
"1908",14622,1089
"1909",14627,1017
"1910",14627,1053
"1911",14627,1020
"1912",14627,1092
"1913",14627,1185
"1914",14634,1003
"1915",14634,1001
"1916",14634,1018
"1917",14634,1035
"1918",14634,1049
"1919",14654,1026
"1920",14654,1025
"1921",14654,1041
"1922",14681,1004
"1923",14681,1034
"1924",14681,1002
"1925",14681,1084
"1926",14681,1095
"1927",14686,1004
"1928",14686,1003
"1929",14686,1001
"1930",14686,1083
"1931",14690,1034
"1932",14690,1008
"1933",14703,1026
"1934",14713,1110
"1935",14718,1127
"1936",14730,1004
"1937",14730,1034
"1938",14730,1008
"1939",14738,1190
"1940",14738,1053
"1941",14744,1034
"1942",14744,1025
"1943",14750,1040
"1944",14759,1034
"1945",14759,1008
"1946",14761,1009
"1947",14764,1034
"1948",14793,1004
"1949",14793,1008
"1950",14793,1027
"1951",14793,1026
"1952",14793,1017
"1953",14793,1003
"1954",14793,1001
"1955",14793,1009
"1956",14793,1070
"1957",14793,1038
"1958",14793,1041
"1959",14793,1030
"1960",14793,1063
"1961",14793,1072
"1962",14793,1024
"1963",14793,1101
"1964",14793,1162
"1965",14808,1034
"1966",14808,1008
"1967",14808,1045
"1968",14808,1027
"1969",14808,1026
"1970",14808,1041
"1971",14808,1113
"1972",14810,1032
"1973",14817,1000
"1974",14817,1114
"1975",14825,1059
"1976",14830,1008
"1977",14830,1045
"1978",14830,1017
"1979",14840,1017
"1980",14840,1003
"1981",14840,1001
"1982",14840,1036
"1983",14840,1040
"1984",14840,1018
"1985",14840,1000
"1986",14840,1295
"1987",14840,1054
"1988",14840,1014
"1989",14840,1031
"1990",14840,1134
"1991",14840,1085
"1992",14843,1003
"1993",14843,1001
"1994",14843,1018
"1995",14843,1035
"1996",14848,1004
"1997",14848,1017
"1998",14848,1030
"1999",14854,1008
"2000",14880,1004
"2001",14883,1032
"2002",14883,1018
"2003",14883,1075
"2004",14883,1056
"2005",14884,1034
"2006",14884,1008
"2007",14884,1017
"2008",14885,1026
"2009",14890,1034
"2010",14890,1018
"2011",14897,1026
"2012",14897,1036
"2013",14897,1040
"2014",14897,1041
"2015",14897,1014
"2016",14897,1244
"2017",14908,1034
"2018",14908,1008
"2019",14908,1119
"2020",14914,1004
"2021",14929,1034
"2022",14929,1008
"2023",14929,1017
"2024",14929,1009
"2025",14929,1018
"2026",14929,1037
"2027",14930,1004
"2028",14930,1008
"2029",14930,1030
"2030",14930,1067
"2031",14937,1025
"2032",14961,1004
"2033",14962,1034
"2034",14962,1008
"2035",14967,1034
"2036",14968,1004
"2037",14968,1034
"2038",14968,1017
"2039",14970,1004
"2040",14970,1008
"2041",14970,1026
"2042",14970,1017
"2043",14970,1070
"2044",14970,1125
"2045",14970,1064
"2046",14970,1067
